reg_no,dob,name,result,subjects
82221040001,01/01/2000,Student 1,PASS,"{""CS101"":""A"",""CS102"":""B""}"
82221040002,01/01/2000,Student 2,PASS,"{""CS101"":""A"",""CS102"":""B""}"
82221040003,01/01/2000,Student 3,FAIL,"{""CS101"":""U"",""CS102"":""B""}"
82221040004,01/01/2000,Student 4,PASS,"{""CS101"":""A"",""CS102"":""B""}"
82221040005,01/01/2000,Student 5,PASS,"{""CS101"":""A"",""CS102"":""B""}"
82221040006,01/01/2000,Student 6,PASS,"{""CS101"":""A"",""CS102"":""B""}"
82221040007,01/01/2000,Student 7,PASS,"{""CS101"":""A"",""CS102"":""B""}"
82221040008,01/01/2000,Student 8,PASS,"{""CS101"":""A"",""CS102"":""U""}"
82221040009,01/01/2000,Student 9,PASS,"{""CS101"":""A"",""CS102"":""B""}"
82221040010,01/01/2000,Student 10,PASS,"{""CS101"":""A"",""CS102"":""B""}"
82221040011,01/01/2000,Student 11,PASS,"{""CS101"":""A"",""CS102"":""B""}"
82221040012,01/01/2000,Student 12,PASS,"{""CS101"":""A"",""CS102"":""B""}"
82221040013,01/01/2000,Student 13,PASS,"{""CS101"":""A"",""CS102"":""B""}"
82221040014,01/01/2000,Student 14,PASS,"{""CS101"":""A"",""CS102"":""B""}"
82221040015,01/01/2000,Student 15,PASS,"{""CS101"":""A"",""CS102"":""B""}"
82221040016,01/01/2000,Student 16,PASS,"{""CS101"":""A"",""CS102"":""B""}"
82221040017,01/01/2000,Student 17,PASS,"{""CS101"":""A"",""CS102"":""B""}"
82221040018,01/01/2000,Student 18,PASS,"{""CS101"":""A"",""CS102"":""B""}"
82221040019,01/01/2000,Student 19,PASS,"{""CS101"":""U"",""CS102"":""B""}"
82221040020,01/01/2000,Student 20,FAIL,"{""CS101"":""A"",""CS102"":""B""}"
82221040021,01/01/2000,Student 21,PASS,"{""CS101"":""A"",""CS102"":""B""}"
82221040022,01/01/2000,Student 22,FAIL,"{""CS101"":""A"",""CS102"":""B""}"
82221040023,01/01/2000,Student 23,PASS,"{""CS101"":""A"",""CS102"":""B""}"
82221040024,01/01/2000,Student 24,PASS,"{""CS101"":""A"",""CS102"":""B""}"
82221040025,01/01/2000,Student 25,PASS,"{""CS101"":""A"",""CS102"":""B""}"
82221040026,01/01/2000,Student 26,PASS,"{""CS101"":""A"",""CS102"":""B""}"
82221040027,01/01/2000,Student 27,PASS,"{""CS101"":""A"",""CS102"":""B""}"
82221040028,01/01/2000,Student 28,PASS,"{""CS101"":""A"",""CS102"":""B""}"
82221040029,01/01/2000,Student 29,PASS,"{""CS101"":""A"",""CS102"":""B""}"
82221040030,01/01/2000,Student 30,PASS,"{""CS101"":""A"",""CS102"":""B""}"
82221040031,01/01/2000,Student 31,PASS,"{""CS101"":""A"",""CS102"":""B""}"
82221040032,01/01/2000,Student 32,PASS,"{""CS101"":""A"",""CS102"":""B""}"
82221040033,01/01/2000,Student 33,PASS,"{""CS101"":""U"",""CS102"":""B""}"
82221040034,01/01/2000,Student 34,FAIL,"{""CS101"":""A"",""CS102"":""B""}"
82221040035,01/01/2000,Student 35,PASS,"{""CS101"":""A"",""CS102"":""B""}"
82221040036,01/01/2000,Student 36,PASS,"{""CS101"":""A"",""CS102"":""B""}"
82221040037,01/01/2000,Student 37,PASS,"{""CS101"":""A"",""CS102"":""B""}"
82221040038,01/01/2000,Student 38,PASS,"{""CS101"":""A"",""CS102"":""B""}"
82221040039,01/01/2000,Student 39,PASS,"{""CS101"":""U"",""CS102"":""B""}"
82221040040,01/01/2000,Student 40,PASS,"{""CS101"":""A"",""CS102"":""B""}"
82221040041,01/01/2000,Student 41,PASS,"{""CS101"":""A"",""CS102"":""B""}"
82221040042,01/01/2000,Student 42,PASS,"{""CS101"":""A"",""CS102"":""B""}"
82221040043,01/01/2000,Student 43,PASS,"{""CS101"":""A"",""CS102"":""B""}"
82221040044,01/01/2000,Student 44,PASS,"{""CS101"":""A"",""CS102"":""B""}"
82221040045,01/01/2000,Student 45,PASS,"{""CS101"":""A"",""CS102"":""B""}"
82221040046,01/01/2000,Student 46,PASS,"{""CS101"":""A"",""CS102"":""B""}"
82221040047,01/01/2000,Student 47,PASS,"{""CS101"":""A"",""CS102"":""B""}"
82221040048,01/01/2000,Student 48,PASS,"{""CS101"":""A"",""CS102"":""B""}"
82221040049,01/01/2000,Student 49,PASS,"{""CS101"":""A"",""CS102"":""B""}"
82221040050,01/01/2000,Student 50,FAIL,"{""CS101"":""A"",""CS102"":""B""}"
82221040051,01/01/2000,Student 51,PASS,"{""CS101"":""A"",""CS102"":""B""}"
82221040052,01/01/2000,Student 52,PASS,"{""CS101"":""A"",""CS102"":""B""}"
82221040053,01/01/2000,Student 53,FAIL,"{""CS101"":""A"",""CS102"":""B""}"
82221040054,01/01/2000,Student 54,PASS,"{""CS101"":""A"",""CS102"":""B""}"
82221040055,01/01/2000,Student 55,PASS,"{""CS101"":""A"",""CS102"":""B""}"
82221040056,01/01/2000,Student 56,FAIL,"{""CS101"":""A"",""CS102"":""B""}"
82221040057,01/01/2000,Student 57,PASS,"{""CS101"":""A"",""CS102"":""B""}"
82221040058,01/01/2000,Student 58,PASS,"{""CS101"":""A"",""CS102"":""B""}"
82221040059,01/01/2000,Student 59,PASS,"{""CS101"":""A"",""CS102"":""B""}"
82221040060,01/01/2000,Student 60,PASS,"{""CS101"":""U"",""CS102"":""B""}"
82221040061,01/01/2000,Student 61,PASS,"{""CS101"":""A"",""CS102"":""B""}"
82221040062,01/01/2000,Student 62,PASS,"{""CS101"":""A"",""CS102"":""B""}"
82221040063,01/01/2000,Student 63,PASS,"{""CS101"":""A"",""CS102"":""B""}"
82221040064,01/01/2000,Student 64,PASS,"{""CS101"":""U"",""CS102"":""B""}"
82221040065,01/01/2000,Student 65,PASS,"{""CS101"":""A"",""CS102"":""B""}"
82221040066,01/01/2000,Student 66,PASS,"{""CS101"":""A"",""CS102"":""U""}"
82221040067,01/01/2000,Student 67,PASS,"{""CS101"":""A"",""CS102"":""B""}"
82221040068,01/01/2000,Student 68,PASS,"{""CS101"":""A"",""CS102"":""B""}"
82221040069,01/01/2000,Student 69,PASS,"{""CS101"":""A"",""CS102"":""B""}"
82221040070,01/01/2000,Student 70,FAIL,"{""CS101"":""A"",""CS102"":""B""}"
82221040071,01/01/2000,Student 71,PASS,"{""CS101"":""A"",""CS102"":""B""}"
82221040072,01/01/2000,Student 72,PASS,"{""CS101"":""U"",""CS102"":""B""}"
82221040073,01/01/2000,Student 73,PASS,"{""CS101"":""A"",""CS102"":""B""}"
82221040074,01/01/2000,Student 74,PASS,"{""CS101"":""A"",""CS102"":""B""}"
82221040075,01/01/2000,Student 75,PASS,"{""CS101"":""A"",""CS102"":""B""}"
82221040076,01/01/2000,Student 76,PASS,"{""CS101"":""A"",""CS102"":""B""}"
82221040077,01/01/2000,Student 77,PASS,"{""CS101"":""A"",""CS102"":""B""}"
82221040078,01/01/2000,Student 78,PASS,"{""CS101"":""A"",""CS102"":""U""}"
82221040079,01/01/2000,Student 79,PASS,"{""CS101"":""A"",""CS102"":""B""}"
82221040080,01/01/2000,Student 80,PASS,"{""CS101"":""A"",""CS102"":""B""}"
82221040081,01/01/2000,Student 81,PASS,"{""CS101"":""A"",""CS102"":""B""}"
82221040082,01/01/2000,Student 82,PASS,"{""CS101"":""A"",""CS102"":""B""}"
82221040083,01/01/2000,Student 83,PASS,"{""CS101"":""A"",""CS102"":""B""}"
82221040084,01/01/2000,Student 84,PASS,"{""CS101"":""U"",""CS102"":""B""}"
82221040085,01/01/2000,Student 85,PASS,"{""CS101"":""A"",""CS102"":""B""}"
82221040086,01/01/2000,Student 86,PASS,"{""CS101"":""A"",""CS102"":""B""}"
82221040087,01/01/2000,Student 87,PASS,"{""CS101"":""U"",""CS102"":""B""}"
82221040088,01/01/2000,Student 88,PASS,"{""CS101"":""A"",""CS102"":""B""}"
82221040089,01/01/2000,Student 89,PASS,"{""CS101"":""A"",""CS102"":""B""}"
82221040090,01/01/2000,Student 90,PASS,"{""CS101"":""U"",""CS102"":""B""}"
82221040091,01/01/2000,Student 91,PASS,"{""CS101"":""A"",""CS102"":""B""}"
82221040092,01/01/2000,Student 92,PASS,"{""CS101"":""A"",""CS102"":""B""}"
82221040093,01/01/2000,Student 93,FAIL,"{""CS101"":""A"",""CS102"":""B""}"
82221040094,01/01/2000,Student 94,PASS,"{""CS101"":""A"",""CS102"":""U""}"
82221040095,01/01/2000,Student 95,PASS,"{""CS101"":""U"",""CS102"":""B""}"
82221040096,01/01/2000,Student 96,PASS,"{""CS101"":""A"",""CS102"":""B""}"
82221040097,01/01/2000,Student 97,PASS,"{""CS101"":""U"",""CS102"":""B""}"
82221040098,01/01/2000,Student 98,PASS,"{""CS101"":""U"",""CS102"":""U""}"
82221040099,01/01/2000,Student 99,PASS,"{""CS101"":""A"",""CS102"":""B""}"
82221040100,01/01/2000,Student 100,PASS,"{""CS101"":""A"",""CS102"":""B""}"
82221040101,01/01/2000,Student 101,PASS,"{""CS101"":""A"",""CS102"":""B""}"
82221040102,01/01/2000,Student 102,PASS,"{""CS101"":""A"",""CS102"":""B""}"
82221040103,01/01/2000,Student 103,PASS,"{""CS101"":""A"",""CS102"":""B""}"
82221040104,01/01/2000,Student 104,PASS,"{""CS101"":""A"",""CS102"":""U""}"
82221040105,01/01/2000,Student 105,PASS,"{""CS101"":""A"",""CS102"":""U""}"
82221040106,01/01/2000,Student 106,PASS,"{""CS101"":""A"",""CS102"":""B""}"
82221040107,01/01/2000,Student 107,FAIL,"{""CS101"":""A"",""CS102"":""B""}"
82221040108,01/01/2000,Student 108,PASS,"{""CS101"":""A"",""CS102"":""B""}"
82221040109,01/01/2000,Student 109,PASS,"{""CS101"":""A"",""CS102"":""B""}"
82221040110,01/01/2000,Student 110,PASS,"{""CS101"":""A"",""CS102"":""B""}"
82221040111,01/01/2000,Student 111,PASS,"{""CS101"":""A"",""CS102"":""B""}"
82221040112,01/01/2000,Student 112,PASS,"{""CS101"":""A"",""CS102"":""B""}"
82221040113,01/01/2000,Student 113,PASS,"{""CS101"":""A"",""CS102"":""B""}"
82221040114,01/01/2000,Student 114,PASS,"{""CS101"":""A"",""CS102"":""B""}"
82221040115,01/01/2000,Student 115,PASS,"{""CS101"":""A"",""CS102"":""B""}"
82221040116,01/01/2000,Student 116,PASS,"{""CS101"":""A"",""CS102"":""B""}"
82221040117,01/01/2000,Student 117,PASS,"{""CS101"":""A"",""CS102"":""B""}"
82221040118,01/01/2000,Student 118,PASS,"{""CS101"":""A"",""CS102"":""B""}"
82221040119,01/01/2000,Student 119,PASS,"{""CS101"":""A"",""CS102"":""B""}"
82221040120,01/01/2000,Student 120,PASS,"{""CS101"":""A"",""CS102"":""B""}"
82221040121,01/01/2000,Student 121,PASS,"{""CS101"":""A"",""CS102"":""B""}"
82221040122,01/01/2000,Student 122,PASS,"{""CS101"":""U"",""CS102"":""B""}"
82221040123,01/01/2000,Student 123,PASS,"{""CS101"":""A"",""CS102"":""B""}"
82221040124,01/01/2000,Student 124,PASS,"{""CS101"":""A"",""CS102"":""B""}"
82221040125,01/01/2000,Student 125,PASS,"{""CS101"":""U"",""CS102"":""U""}"
82221040126,01/01/2000,Student 126,PASS,"{""CS101"":""A"",""CS102"":""B""}"
82221040127,01/01/2000,Student 127,PASS,"{""CS101"":""A"",""CS102"":""B""}"
82221040128,01/01/2000,Student 128,PASS,"{""CS101"":""A"",""CS102"":""B""}"
82221040129,01/01/2000,Student 129,PASS,"{""CS101"":""A"",""CS102"":""B""}"
82221040130,01/01/2000,Student 130,PASS,"{""CS101"":""A"",""CS102"":""B""}"
82221040131,01/01/2000,Student 131,PASS,"{""CS101"":""U"",""CS102"":""B""}"
82221040132,01/01/2000,Student 132,PASS,"{""CS101"":""A"",""CS102"":""B""}"
82221040133,01/01/2000,Student 133,PASS,"{""CS101"":""U"",""CS102"":""B""}"
82221040134,01/01/2000,Student 134,PASS,"{""CS101"":""A"",""CS102"":""B""}"
82221040135,01/01/2000,Student 135,PASS,"{""CS101"":""A"",""CS102"":""B""}"
82221040136,01/01/2000,Student 136,PASS,"{""CS101"":""A"",""CS102"":""B""}"
82221040137,01/01/2000,Student 137,PASS,"{""CS101"":""A"",""CS102"":""B""}"
82221040138,01/01/2000,Student 138,PASS,"{""CS101"":""A"",""CS102"":""U""}"
82221040139,01/01/2000,Student 139,PASS,"{""CS101"":""A"",""CS102"":""B""}"
82221040140,01/01/2000,Student 140,PASS,"{""CS101"":""A"",""CS102"":""B""}"
82221040141,01/01/2000,Student 141,PASS,"{""CS101"":""A"",""CS102"":""B""}"
82221040142,01/01/2000,Student 142,PASS,"{""CS101"":""A"",""CS102"":""B""}"
82221040143,01/01/2000,Student 143,PASS,"{""CS101"":""A"",""CS102"":""B""}"
82221040144,01/01/2000,Student 144,PASS,"{""CS101"":""A"",""CS102"":""B""}"
82221040145,01/01/2000,Student 145,PASS,"{""CS101"":""A"",""CS102"":""B""}"
82221040146,01/01/2000,Student 146,PASS,"{""CS101"":""U"",""CS102"":""B""}"
82221040147,01/01/2000,Student 147,PASS,"{""CS101"":""A"",""CS102"":""B""}"
82221040148,01/01/2000,Student 148,PASS,"{""CS101"":""A"",""CS102"":""B""}"
82221040149,01/01/2000,Student 149,PASS,"{""CS101"":""A"",""CS102"":""B""}"
82221040150,01/01/2000,Student 150,PASS,"{""CS101"":""A"",""CS102"":""B""}"
82221040151,01/01/2000,Student 151,PASS,"{""CS101"":""A"",""CS102"":""B""}"
82221040152,01/01/2000,Student 152,FAIL,"{""CS101"":""A"",""CS102"":""B""}"
82221040153,01/01/2000,Student 153,FAIL,"{""CS101"":""A"",""CS102"":""B""}"
82221040154,01/01/2000,Student 154,PASS,"{""CS101"":""A"",""CS102"":""B""}"
82221040155,01/01/2000,Student 155,FAIL,"{""CS101"":""A"",""CS102"":""U""}"
82221040156,01/01/2000,Student 156,FAIL,"{""CS101"":""A"",""CS102"":""B""}"
82221040157,01/01/2000,Student 157,PASS,"{""CS101"":""A"",""CS102"":""B""}"
82221040158,01/01/2000,Student 158,FAIL,"{""CS101"":""A"",""CS102"":""B""}"
82221040159,01/01/2000,Student 159,FAIL,"{""CS101"":""A"",""CS102"":""B""}"
82221040160,01/01/2000,Student 160,PASS,"{""CS101"":""A"",""CS102"":""U""}"
82221040161,01/01/2000,Student 161,PASS,"{""CS101"":""A"",""CS102"":""B""}"
82221040162,01/01/2000,Student 162,PASS,"{""CS101"":""A"",""CS102"":""B""}"
82221040163,01/01/2000,Student 163,PASS,"{""CS101"":""A"",""CS102"":""B""}"
82221040164,01/01/2000,Student 164,PASS,"{""CS101"":""A"",""CS102"":""B""}"
82221040165,01/01/2000,Student 165,PASS,"{""CS101"":""A"",""CS102"":""B""}"
82221040166,01/01/2000,Student 166,PASS,"{""CS101"":""A"",""CS102"":""B""}"
82221040167,01/01/2000,Student 167,PASS,"{""CS101"":""A"",""CS102"":""B""}"
82221040168,01/01/2000,Student 168,PASS,"{""CS101"":""A"",""CS102"":""B""}"
82221040169,01/01/2000,Student 169,PASS,"{""CS101"":""A"",""CS102"":""B""}"
82221040170,01/01/2000,Student 170,PASS,"{""CS101"":""A"",""CS102"":""B""}"
82221040171,01/01/2000,Student 171,PASS,"{""CS101"":""A"",""CS102"":""B""}"
82221040172,01/01/2000,Student 172,PASS,"{""CS101"":""U"",""CS102"":""B""}"
82221040173,01/01/2000,Student 173,PASS,"{""CS101"":""A"",""CS102"":""B""}"
82221040174,01/01/2000,Student 174,PASS,"{""CS101"":""A"",""CS102"":""B""}"
82221040175,01/01/2000,Student 175,PASS,"{""CS101"":""A"",""CS102"":""B""}"
82221040176,01/01/2000,Student 176,PASS,"{""CS101"":""A"",""CS102"":""B""}"
82221040177,01/01/2000,Student 177,PASS,"{""CS101"":""A"",""CS102"":""B""}"
82221040178,01/01/2000,Student 178,PASS,"{""CS101"":""A"",""CS102"":""B""}"
82221040179,01/01/2000,Student 179,PASS,"{""CS101"":""A"",""CS102"":""B""}"
82221040180,01/01/2000,Student 180,FAIL,"{""CS101"":""A"",""CS102"":""B""}"
82221040181,01/01/2000,Student 181,PASS,"{""CS101"":""A"",""CS102"":""B""}"
82221040182,01/01/2000,Student 182,PASS,"{""CS101"":""A"",""CS102"":""B""}"
82221040183,01/01/2000,Student 183,PASS,"{""CS101"":""U"",""CS102"":""B""}"
82221040184,01/01/2000,Student 184,PASS,"{""CS101"":""A"",""CS102"":""B""}"
82221040185,01/01/2000,Student 185,PASS,"{""CS101"":""A"",""CS102"":""B""}"
82221040186,01/01/2000,Student 186,PASS,"{""CS101"":""A"",""CS102"":""B""}"
82221040187,01/01/2000,Student 187,PASS,"{""CS101"":""A"",""CS102"":""U""}"
82221040188,01/01/2000,Student 188,PASS,"{""CS101"":""A"",""CS102"":""B""}"
82221040189,01/01/2000,Student 189,PASS,"{""CS101"":""A"",""CS102"":""B""}"
82221040190,01/01/2000,Student 190,PASS,"{""CS101"":""A"",""CS102"":""B""}"
82221040191,01/01/2000,Student 191,FAIL,"{""CS101"":""A"",""CS102"":""B""}"
82221040192,01/01/2000,Student 192,PASS,"{""CS101"":""A"",""CS102"":""B""}"
82221040193,01/01/2000,Student 193,PASS,"{""CS101"":""A"",""CS102"":""U""}"
82221040194,01/01/2000,Student 194,PASS,"{""CS101"":""U"",""CS102"":""B""}"
82221040195,01/01/2000,Student 195,PASS,"{""CS101"":""A"",""CS102"":""B""}"
82221040196,01/01/2000,Student 196,PASS,"{""CS101"":""A"",""CS102"":""B""}"
82221040197,01/01/2000,Student 197,PASS,"{""CS101"":""A"",""CS102"":""B""}"
82221040198,01/01/2000,Student 198,PASS,"{""CS101"":""A"",""CS102"":""B""}"
82221040199,01/01/2000,Student 199,PASS,"{""CS101"":""A"",""CS102"":""U""}"
82221040200,01/01/2000,Student 200,PASS,"{""CS101"":""A"",""CS102"":""B""}"
82221040201,01/01/2000,Student 201,PASS,"{""CS101"":""A"",""CS102"":""B""}"
82221040202,01/01/2000,Student 202,PASS,"{""CS101"":""A"",""CS102"":""B""}"
82221040203,01/01/2000,Student 203,PASS,"{""CS101"":""A"",""CS102"":""B""}"
82221040204,01/01/2000,Student 204,FAIL,"{""CS101"":""A"",""CS102"":""B""}"
82221040205,01/01/2000,Student 205,PASS,"{""CS101"":""A"",""CS102"":""B""}"
82221040206,01/01/2000,Student 206,PASS,"{""CS101"":""A"",""CS102"":""B""}"
82221040207,01/01/2000,Student 207,PASS,"{""CS101"":""A"",""CS102"":""B""}"
82221040208,01/01/2000,Student 208,PASS,"{""CS101"":""A"",""CS102"":""B""}"
82221040209,01/01/2000,Student 209,PASS,"{""CS101"":""A"",""CS102"":""B""}"
82221040210,01/01/2000,Student 210,PASS,"{""CS101"":""A"",""CS102"":""B""}"
82221040211,01/01/2000,Student 211,PASS,"{""CS101"":""A"",""CS102"":""B""}"
82221040212,01/01/2000,Student 212,PASS,"{""CS101"":""A"",""CS102"":""B""}"
82221040213,01/01/2000,Student 213,PASS,"{""CS101"":""A"",""CS102"":""B""}"
82221040214,01/01/2000,Student 214,PASS,"{""CS101"":""A"",""CS102"":""B""}"
82221040215,01/01/2000,Student 215,PASS,"{""CS101"":""A"",""CS102"":""B""}"
82221040216,01/01/2000,Student 216,PASS,"{""CS101"":""A"",""CS102"":""B""}"
82221040217,01/01/2000,Student 217,PASS,"{""CS101"":""A"",""CS102"":""B""}"
82221040218,01/01/2000,Student 218,PASS,"{""CS101"":""A"",""CS102"":""B""}"
82221040219,01/01/2000,Student 219,PASS,"{""CS101"":""A"",""CS102"":""B""}"
82221040220,01/01/2000,Student 220,PASS,"{""CS101"":""A"",""CS102"":""B""}"
82221040221,01/01/2000,Student 221,PASS,"{""CS101"":""A"",""CS102"":""B""}"
82221040222,01/01/2000,Student 222,FAIL,"{""CS101"":""A"",""CS102"":""B""}"
82221040223,01/01/2000,Student 223,PASS,"{""CS101"":""A"",""CS102"":""B""}"
82221040224,01/01/2000,Student 224,PASS,"{""CS101"":""A"",""CS102"":""B""}"
82221040225,01/01/2000,Student 225,PASS,"{""CS101"":""A"",""CS102"":""U""}"
82221040226,01/01/2000,Student 226,PASS,"{""CS101"":""A"",""CS102"":""B""}"
82221040227,01/01/2000,Student 227,FAIL,"{""CS101"":""A"",""CS102"":""B""}"
82221040228,01/01/2000,Student 228,PASS,"{""CS101"":""A"",""CS102"":""B""}"
82221040229,01/01/2000,Student 229,PASS,"{""CS101"":""U"",""CS102"":""B""}"
82221040230,01/01/2000,Student 230,PASS,"{""CS101"":""A"",""CS102"":""B""}"
82221040231,01/01/2000,Student 231,PASS,"{""CS101"":""A"",""CS102"":""B""}"
82221040232,01/01/2000,Student 232,PASS,"{""CS101"":""U"",""CS102"":""B""}"
82221040233,01/01/2000,Student 233,PASS,"{""CS101"":""A"",""CS102"":""B""}"
82221040234,01/01/2000,Student 234,PASS,"{""CS101"":""A"",""CS102"":""B""}"
82221040235,01/01/2000,Student 235,PASS,"{""CS101"":""A"",""CS102"":""U""}"
82221040236,01/01/2000,Student 236,PASS,"{""CS101"":""A"",""CS102"":""B""}"
82221040237,01/01/2000,Student 237,PASS,"{""CS101"":""A"",""CS102"":""B""}"
82221040238,01/01/2000,Student 238,PASS,"{""CS101"":""A"",""CS102"":""B""}"
82221040239,01/01/2000,Student 239,PASS,"{""CS101"":""U"",""CS102"":""B""}"
82221040240,01/01/2000,Student 240,PASS,"{""CS101"":""A"",""CS102"":""B""}"
82221040241,01/01/2000,Student 241,PASS,"{""CS101"":""A"",""CS102"":""B""}"
82221040242,01/01/2000,Student 242,PASS,"{""CS101"":""U"",""CS102"":""B""}"
82221040243,01/01/2000,Student 243,PASS,"{""CS101"":""A"",""CS102"":""B""}"
82221040244,01/01/2000,Student 244,PASS,"{""CS101"":""A"",""CS102"":""B""}"
82221040245,01/01/2000,Student 245,PASS,"{""CS101"":""A"",""CS102"":""U""}"
82221040246,01/01/2000,Student 246,PASS,"{""CS101"":""A"",""CS102"":""B""}"
82221040247,01/01/2000,Student 247,PASS,"{""CS101"":""A"",""CS102"":""B""}"
82221040248,01/01/2000,Student 248,PASS,"{""CS101"":""A"",""CS102"":""B""}"
82221040249,01/01/2000,Student 249,PASS,"{""CS101"":""A"",""CS102"":""B""}"
82221040250,01/01/2000,Student 250,FAIL,"{""CS101"":""A"",""CS102"":""B""}"
82221040251,01/01/2000,Student 251,FAIL,"{""CS101"":""A"",""CS102"":""B""}"
82221040252,01/01/2000,Student 252,PASS,"{""CS101"":""A"",""CS102"":""B""}"
82221040253,01/01/2000,Student 253,PASS,"{""CS101"":""A"",""CS102"":""B""}"
82221040254,01/01/2000,Student 254,PASS,"{""CS101"":""A"",""CS102"":""B""}"
82221040255,01/01/2000,Student 255,FAIL,"{""CS101"":""A"",""CS102"":""B""}"
82221040256,01/01/2000,Student 256,PASS,"{""CS101"":""A"",""CS102"":""B""}"
82221040257,01/01/2000,Student 257,PASS,"{""CS101"":""A"",""CS102"":""B""}"
82221040258,01/01/2000,Student 258,PASS,"{""CS101"":""A"",""CS102"":""U""}"
82221040259,01/01/2000,Student 259,PASS,"{""CS101"":""A"",""CS102"":""B""}"
82221040260,01/01/2000,Student 260,PASS,"{""CS101"":""A"",""CS102"":""B""}"
82221040261,01/01/2000,Student 261,PASS,"{""CS101"":""A"",""CS102"":""B""}"
82221040262,01/01/2000,Student 262,PASS,"{""CS101"":""U"",""CS102"":""B""}"
82221040263,01/01/2000,Student 263,PASS,"{""CS101"":""A"",""CS102"":""B""}"
82221040264,01/01/2000,Student 264,PASS,"{""CS101"":""A"",""CS102"":""B""}"
82221040265,01/01/2000,Student 265,PASS,"{""CS101"":""A"",""CS102"":""B""}"
82221040266,01/01/2000,Student 266,PASS,"{""CS101"":""A"",""CS102"":""B""}"
82221040267,01/01/2000,Student 267,PASS,"{""CS101"":""A"",""CS102"":""B""}"
82221040268,01/01/2000,Student 268,PASS,"{""CS101"":""A"",""CS102"":""B""}"
82221040269,01/01/2000,Student 269,PASS,"{""CS101"":""A"",""CS102"":""U""}"
82221040270,01/01/2000,Student 270,PASS,"{""CS101"":""A"",""CS102"":""B""}"
82221040271,01/01/2000,Student 271,FAIL,"{""CS101"":""A"",""CS102"":""B""}"
82221040272,01/01/2000,Student 272,PASS,"{""CS101"":""A"",""CS102"":""B""}"
82221040273,01/01/2000,Student 273,PASS,"{""CS101"":""A"",""CS102"":""U""}"
82221040274,01/01/2000,Student 274,PASS,"{""CS101"":""A"",""CS102"":""B""}"
82221040275,01/01/2000,Student 275,PASS,"{""CS101"":""A"",""CS102"":""B""}"
82221040276,01/01/2000,Student 276,FAIL,"{""CS101"":""A"",""CS102"":""B""}"
82221040277,01/01/2000,Student 277,PASS,"{""CS101"":""A"",""CS102"":""U""}"
82221040278,01/01/2000,Student 278,PASS,"{""CS101"":""A"",""CS102"":""U""}"
82221040279,01/01/2000,Student 279,PASS,"{""CS101"":""A"",""CS102"":""U""}"
82221040280,01/01/2000,Student 280,PASS,"{""CS101"":""A"",""CS102"":""B""}"
82221040281,01/01/2000,Student 281,PASS,"{""CS101"":""A"",""CS102"":""B""}"
82221040282,01/01/2000,Student 282,PASS,"{""CS101"":""A"",""CS102"":""B""}"
82221040283,01/01/2000,Student 283,PASS,"{""CS101"":""U"",""CS102"":""B""}"
82221040284,01/01/2000,Student 284,PASS,"{""CS101"":""A"",""CS102"":""B""}"
82221040285,01/01/2000,Student 285,PASS,"{""CS101"":""A"",""CS102"":""B""}"
82221040286,01/01/2000,Student 286,PASS,"{""CS101"":""A"",""CS102"":""B""}"
82221040287,01/01/2000,Student 287,PASS,"{""CS101"":""A"",""CS102"":""B""}"
82221040288,01/01/2000,Student 288,PASS,"{""CS101"":""A"",""CS102"":""U""}"
82221040289,01/01/2000,Student 289,PASS,"{""CS101"":""U"",""CS102"":""B""}"
82221040290,01/01/2000,Student 290,PASS,"{""CS101"":""A"",""CS102"":""B""}"
82221040291,01/01/2000,Student 291,PASS,"{""CS101"":""A"",""CS102"":""B""}"
82221040292,01/01/2000,Student 292,PASS,"{""CS101"":""A"",""CS102"":""B""}"
82221040293,01/01/2000,Student 293,PASS,"{""CS101"":""A"",""CS102"":""U""}"
82221040294,01/01/2000,Student 294,PASS,"{""CS101"":""A"",""CS102"":""B""}"
82221040295,01/01/2000,Student 295,PASS,"{""CS101"":""A"",""CS102"":""U""}"
82221040296,01/01/2000,Student 296,PASS,"{""CS101"":""A"",""CS102"":""B""}"
82221040297,01/01/2000,Student 297,FAIL,"{""CS101"":""A"",""CS102"":""B""}"
82221040298,01/01/2000,Student 298,PASS,"{""CS101"":""A"",""CS102"":""B""}"
82221040299,01/01/2000,Student 299,PASS,"{""CS101"":""A"",""CS102"":""B""}"
82221040300,01/01/2000,Student 300,PASS,"{""CS101"":""U"",""CS102"":""B""}"
82221040301,01/01/2000,Student 301,FAIL,"{""CS101"":""U"",""CS102"":""B""}"
82221040302,01/01/2000,Student 302,PASS,"{""CS101"":""A"",""CS102"":""B""}"
82221040303,01/01/2000,Student 303,PASS,"{""CS101"":""A"",""CS102"":""B""}"
82221040304,01/01/2000,Student 304,PASS,"{""CS101"":""A"",""CS102"":""B""}"
82221040305,01/01/2000,Student 305,FAIL,"{""CS101"":""A"",""CS102"":""B""}"
82221040306,01/01/2000,Student 306,PASS,"{""CS101"":""A"",""CS102"":""B""}"
82221040307,01/01/2000,Student 307,PASS,"{""CS101"":""U"",""CS102"":""U""}"
82221040308,01/01/2000,Student 308,PASS,"{""CS101"":""A"",""CS102"":""B""}"
82221040309,01/01/2000,Student 309,PASS,"{""CS101"":""U"",""CS102"":""B""}"
82221040310,01/01/2000,Student 310,PASS,"{""CS101"":""A"",""CS102"":""B""}"
82221040311,01/01/2000,Student 311,PASS,"{""CS101"":""U"",""CS102"":""B""}"
82221040312,01/01/2000,Student 312,PASS,"{""CS101"":""A"",""CS102"":""B""}"
82221040313,01/01/2000,Student 313,PASS,"{""CS101"":""A"",""CS102"":""B""}"
82221040314,01/01/2000,Student 314,PASS,"{""CS101"":""A"",""CS102"":""B""}"
82221040315,01/01/2000,Student 315,PASS,"{""CS101"":""A"",""CS102"":""U""}"
82221040316,01/01/2000,Student 316,PASS,"{""CS101"":""A"",""CS102"":""B""}"
82221040317,01/01/2000,Student 317,FAIL,"{""CS101"":""A"",""CS102"":""B""}"
82221040318,01/01/2000,Student 318,PASS,"{""CS101"":""A"",""CS102"":""B""}"
82221040319,01/01/2000,Student 319,PASS,"{""CS101"":""A"",""CS102"":""B""}"
82221040320,01/01/2000,Student 320,PASS,"{""CS101"":""A"",""CS102"":""B""}"
82221040321,01/01/2000,Student 321,PASS,"{""CS101"":""A"",""CS102"":""B""}"
82221040322,01/01/2000,Student 322,PASS,"{""CS101"":""A"",""CS102"":""B""}"
82221040323,01/01/2000,Student 323,PASS,"{""CS101"":""A"",""CS102"":""B""}"
82221040324,01/01/2000,Student 324,FAIL,"{""CS101"":""A"",""CS102"":""B""}"
82221040325,01/01/2000,Student 325,PASS,"{""CS101"":""A"",""CS102"":""B""}"
82221040326,01/01/2000,Student 326,PASS,"{""CS101"":""A"",""CS102"":""B""}"
82221040327,01/01/2000,Student 327,FAIL,"{""CS101"":""A"",""CS102"":""B""}"
82221040328,01/01/2000,Student 328,PASS,"{""CS101"":""A"",""CS102"":""B""}"
82221040329,01/01/2000,Student 329,PASS,"{""CS101"":""A"",""CS102"":""B""}"
82221040330,01/01/2000,Student 330,PASS,"{""CS101"":""A"",""CS102"":""B""}"
82221040331,01/01/2000,Student 331,PASS,"{""CS101"":""A"",""CS102"":""B""}"
82221040332,01/01/2000,Student 332,PASS,"{""CS101"":""A"",""CS102"":""B""}"
82221040333,01/01/2000,Student 333,PASS,"{""CS101"":""A"",""CS102"":""B""}"
82221040334,01/01/2000,Student 334,PASS,"{""CS101"":""A"",""CS102"":""B""}"
82221040335,01/01/2000,Student 335,PASS,"{""CS101"":""A"",""CS102"":""B""}"
82221040336,01/01/2000,Student 336,PASS,"{""CS101"":""A"",""CS102"":""U""}"
82221040337,01/01/2000,Student 337,FAIL,"{""CS101"":""A"",""CS102"":""B""}"
82221040338,01/01/2000,Student 338,PASS,"{""CS101"":""A"",""CS102"":""B""}"
82221040339,01/01/2000,Student 339,PASS,"{""CS101"":""A"",""CS102"":""B""}"
82221040340,01/01/2000,Student 340,PASS,"{""CS101"":""A"",""CS102"":""U""}"
82221040341,01/01/2000,Student 341,PASS,"{""CS101"":""A"",""CS102"":""B""}"
82221040342,01/01/2000,Student 342,PASS,"{""CS101"":""A"",""CS102"":""B""}"
82221040343,01/01/2000,Student 343,PASS,"{""CS101"":""A"",""CS102"":""B""}"
82221040344,01/01/2000,Student 344,PASS,"{""CS101"":""A"",""CS102"":""B""}"
82221040345,01/01/2000,Student 345,PASS,"{""CS101"":""A"",""CS102"":""B""}"
82221040346,01/01/2000,Student 346,PASS,"{""CS101"":""A"",""CS102"":""U""}"
82221040347,01/01/2000,Student 347,PASS,"{""CS101"":""A"",""CS102"":""B""}"
82221040348,01/01/2000,Student 348,PASS,"{""CS101"":""A"",""CS102"":""B""}"
82221040349,01/01/2000,Student 349,PASS,"{""CS101"":""A"",""CS102"":""U""}"
82221040350,01/01/2000,Student 350,PASS,"{""CS101"":""A"",""CS102"":""B""}"
82221040351,01/01/2000,Student 351,PASS,"{""CS101"":""A"",""CS102"":""U""}"
82221040352,01/01/2000,Student 352,FAIL,"{""CS101"":""A"",""CS102"":""B""}"
82221040353,01/01/2000,Student 353,PASS,"{""CS101"":""A"",""CS102"":""B""}"
82221040354,01/01/2000,Student 354,PASS,"{""CS101"":""A"",""CS102"":""B""}"
82221040355,01/01/2000,Student 355,PASS,"{""CS101"":""A"",""CS102"":""B""}"
82221040356,01/01/2000,Student 356,FAIL,"{""CS101"":""A"",""CS102"":""B""}"
82221040357,01/01/2000,Student 357,FAIL,"{""CS101"":""A"",""CS102"":""B""}"
82221040358,01/01/2000,Student 358,PASS,"{""CS101"":""A"",""CS102"":""B""}"
82221040359,01/01/2000,Student 359,PASS,"{""CS101"":""A"",""CS102"":""B""}"
82221040360,01/01/2000,Student 360,PASS,"{""CS101"":""A"",""CS102"":""B""}"
82221040361,01/01/2000,Student 361,PASS,"{""CS101"":""U"",""CS102"":""B""}"
82221040362,01/01/2000,Student 362,PASS,"{""CS101"":""A"",""CS102"":""B""}"
82221040363,01/01/2000,Student 363,PASS,"{""CS101"":""A"",""CS102"":""B""}"
82221040364,01/01/2000,Student 364,PASS,"{""CS101"":""A"",""CS102"":""U""}"
82221040365,01/01/2000,Student 365,PASS,"{""CS101"":""A"",""CS102"":""B""}"
82221040366,01/01/2000,Student 366,PASS,"{""CS101"":""U"",""CS102"":""B""}"
82221040367,01/01/2000,Student 367,PASS,"{""CS101"":""A"",""CS102"":""B""}"
82221040368,01/01/2000,Student 368,PASS,"{""CS101"":""A"",""CS102"":""B""}"
82221040369,01/01/2000,Student 369,PASS,"{""CS101"":""A"",""CS102"":""B""}"
82221040370,01/01/2000,Student 370,FAIL,"{""CS101"":""A"",""CS102"":""B""}"
82221040371,01/01/2000,Student 371,PASS,"{""CS101"":""A"",""CS102"":""B""}"
82221040372,01/01/2000,Student 372,PASS,"{""CS101"":""A"",""CS102"":""U""}"
82221040373,01/01/2000,Student 373,PASS,"{""CS101"":""A"",""CS102"":""B""}"
82221040374,01/01/2000,Student 374,PASS,"{""CS101"":""U"",""CS102"":""B""}"
82221040375,01/01/2000,Student 375,FAIL,"{""CS101"":""A"",""CS102"":""B""}"
82221040376,01/01/2000,Student 376,PASS,"{""CS101"":""A"",""CS102"":""B""}"
82221040377,01/01/2000,Student 377,PASS,"{""CS101"":""U"",""CS102"":""B""}"
82221040378,01/01/2000,Student 378,PASS,"{""CS101"":""A"",""CS102"":""B""}"
82221040379,01/01/2000,Student 379,PASS,"{""CS101"":""A"",""CS102"":""B""}"
82221040380,01/01/2000,Student 380,PASS,"{""CS101"":""A"",""CS102"":""B""}"
82221040381,01/01/2000,Student 381,FAIL,"{""CS101"":""A"",""CS102"":""B""}"
82221040382,01/01/2000,Student 382,PASS,"{""CS101"":""A"",""CS102"":""B""}"
82221040383,01/01/2000,Student 383,PASS,"{""CS101"":""A"",""CS102"":""B""}"
82221040384,01/01/2000,Student 384,FAIL,"{""CS101"":""A"",""CS102"":""B""}"
82221040385,01/01/2000,Student 385,PASS,"{""CS101"":""A"",""CS102"":""B""}"
82221040386,01/01/2000,Student 386,PASS,"{""CS101"":""A"",""CS102"":""B""}"
82221040387,01/01/2000,Student 387,PASS,"{""CS101"":""A"",""CS102"":""B""}"
82221040388,01/01/2000,Student 388,PASS,"{""CS101"":""A"",""CS102"":""B""}"
82221040389,01/01/2000,Student 389,PASS,"{""CS101"":""U"",""CS102"":""B""}"
82221040390,01/01/2000,Student 390,PASS,"{""CS101"":""A"",""CS102"":""B""}"
82221040391,01/01/2000,Student 391,PASS,"{""CS101"":""A"",""CS102"":""B""}"
82221040392,01/01/2000,Student 392,PASS,"{""CS101"":""U"",""CS102"":""B""}"
82221040393,01/01/2000,Student 393,PASS,"{""CS101"":""A"",""CS102"":""B""}"
82221040394,01/01/2000,Student 394,PASS,"{""CS101"":""A"",""CS102"":""B""}"
82221040395,01/01/2000,Student 395,FAIL,"{""CS101"":""A"",""CS102"":""B""}"
82221040396,01/01/2000,Student 396,PASS,"{""CS101"":""A"",""CS102"":""B""}"
82221040397,01/01/2000,Student 397,PASS,"{""CS101"":""A"",""CS102"":""B""}"
82221040398,01/01/2000,Student 398,PASS,"{""CS101"":""A"",""CS102"":""B""}"
82221040399,01/01/2000,Student 399,FAIL,"{""CS101"":""A"",""CS102"":""B""}"
82221040400,01/01/2000,Student 400,FAIL,"{""CS101"":""A"",""CS102"":""B""}"
82221040401,01/01/2000,Student 401,PASS,"{""CS101"":""A"",""CS102"":""B""}"
82221040402,01/01/2000,Student 402,PASS,"{""CS101"":""A"",""CS102"":""B""}"
82221040403,01/01/2000,Student 403,PASS,"{""CS101"":""A"",""CS102"":""B""}"
82221040404,01/01/2000,Student 404,PASS,"{""CS101"":""A"",""CS102"":""B""}"
82221040405,01/01/2000,Student 405,PASS,"{""CS101"":""A"",""CS102"":""B""}"
82221040406,01/01/2000,Student 406,PASS,"{""CS101"":""A"",""CS102"":""B""}"
82221040407,01/01/2000,Student 407,PASS,"{""CS101"":""A"",""CS102"":""B""}"
82221040408,01/01/2000,Student 408,PASS,"{""CS101"":""A"",""CS102"":""B""}"
82221040409,01/01/2000,Student 409,PASS,"{""CS101"":""A"",""CS102"":""B""}"
82221040410,01/01/2000,Student 410,PASS,"{""CS101"":""A"",""CS102"":""B""}"
82221040411,01/01/2000,Student 411,PASS,"{""CS101"":""U"",""CS102"":""B""}"
82221040412,01/01/2000,Student 412,FAIL,"{""CS101"":""A"",""CS102"":""U""}"
82221040413,01/01/2000,Student 413,PASS,"{""CS101"":""A"",""CS102"":""B""}"
82221040414,01/01/2000,Student 414,PASS,"{""CS101"":""A"",""CS102"":""B""}"
82221040415,01/01/2000,Student 415,PASS,"{""CS101"":""A"",""CS102"":""B""}"
82221040416,01/01/2000,Student 416,PASS,"{""CS101"":""A"",""CS102"":""B""}"
82221040417,01/01/2000,Student 417,PASS,"{""CS101"":""A"",""CS102"":""B""}"
82221040418,01/01/2000,Student 418,PASS,"{""CS101"":""A"",""CS102"":""B""}"
82221040419,01/01/2000,Student 419,PASS,"{""CS101"":""U"",""CS102"":""B""}"
82221040420,01/01/2000,Student 420,PASS,"{""CS101"":""A"",""CS102"":""B""}"
82221040421,01/01/2000,Student 421,PASS,"{""CS101"":""U"",""CS102"":""B""}"
82221040422,01/01/2000,Student 422,PASS,"{""CS101"":""A"",""CS102"":""B""}"
82221040423,01/01/2000,Student 423,PASS,"{""CS101"":""A"",""CS102"":""B""}"
82221040424,01/01/2000,Student 424,PASS,"{""CS101"":""A"",""CS102"":""B""}"
82221040425,01/01/2000,Student 425,PASS,"{""CS101"":""A"",""CS102"":""U""}"
82221040426,01/01/2000,Student 426,PASS,"{""CS101"":""A"",""CS102"":""B""}"
82221040427,01/01/2000,Student 427,PASS,"{""CS101"":""A"",""CS102"":""B""}"
82221040428,01/01/2000,Student 428,PASS,"{""CS101"":""A"",""CS102"":""B""}"
82221040429,01/01/2000,Student 429,PASS,"{""CS101"":""A"",""CS102"":""U""}"
82221040430,01/01/2000,Student 430,FAIL,"{""CS101"":""A"",""CS102"":""B""}"
82221040431,01/01/2000,Student 431,PASS,"{""CS101"":""A"",""CS102"":""B""}"
82221040432,01/01/2000,Student 432,FAIL,"{""CS101"":""U"",""CS102"":""B""}"
82221040433,01/01/2000,Student 433,PASS,"{""CS101"":""A"",""CS102"":""B""}"
82221040434,01/01/2000,Student 434,FAIL,"{""CS101"":""A"",""CS102"":""B""}"
82221040435,01/01/2000,Student 435,PASS,"{""CS101"":""A"",""CS102"":""B""}"
82221040436,01/01/2000,Student 436,FAIL,"{""CS101"":""A"",""CS102"":""B""}"
82221040437,01/01/2000,Student 437,PASS,"{""CS101"":""A"",""CS102"":""B""}"
82221040438,01/01/2000,Student 438,PASS,"{""CS101"":""A"",""CS102"":""B""}"
82221040439,01/01/2000,Student 439,FAIL,"{""CS101"":""A"",""CS102"":""B""}"
82221040440,01/01/2000,Student 440,PASS,"{""CS101"":""A"",""CS102"":""B""}"
82221040441,01/01/2000,Student 441,PASS,"{""CS101"":""A"",""CS102"":""B""}"
82221040442,01/01/2000,Student 442,PASS,"{""CS101"":""A"",""CS102"":""B""}"
82221040443,01/01/2000,Student 443,PASS,"{""CS101"":""A"",""CS102"":""B""}"
82221040444,01/01/2000,Student 444,PASS,"{""CS101"":""A"",""CS102"":""B""}"
82221040445,01/01/2000,Student 445,PASS,"{""CS101"":""A"",""CS102"":""B""}"
82221040446,01/01/2000,Student 446,PASS,"{""CS101"":""A"",""CS102"":""B""}"
82221040447,01/01/2000,Student 447,PASS,"{""CS101"":""A"",""CS102"":""B""}"
82221040448,01/01/2000,Student 448,PASS,"{""CS101"":""A"",""CS102"":""B""}"
82221040449,01/01/2000,Student 449,PASS,"{""CS101"":""A"",""CS102"":""B""}"
82221040450,01/01/2000,Student 450,PASS,"{""CS101"":""A"",""CS102"":""B""}"
82221040451,01/01/2000,Student 451,FAIL,"{""CS101"":""A"",""CS102"":""B""}"
82221040452,01/01/2000,Student 452,PASS,"{""CS101"":""A"",""CS102"":""U""}"
82221040453,01/01/2000,Student 453,PASS,"{""CS101"":""A"",""CS102"":""B""}"
82221040454,01/01/2000,Student 454,PASS,"{""CS101"":""A"",""CS102"":""B""}"
82221040455,01/01/2000,Student 455,PASS,"{""CS101"":""A"",""CS102"":""B""}"
82221040456,01/01/2000,Student 456,PASS,"{""CS101"":""A"",""CS102"":""U""}"
82221040457,01/01/2000,Student 457,PASS,"{""CS101"":""A"",""CS102"":""B""}"
82221040458,01/01/2000,Student 458,PASS,"{""CS101"":""A"",""CS102"":""B""}"
82221040459,01/01/2000,Student 459,FAIL,"{""CS101"":""A"",""CS102"":""B""}"
82221040460,01/01/2000,Student 460,PASS,"{""CS101"":""A"",""CS102"":""B""}"
82221040461,01/01/2000,Student 461,PASS,"{""CS101"":""A"",""CS102"":""B""}"
82221040462,01/01/2000,Student 462,PASS,"{""CS101"":""A"",""CS102"":""B""}"
82221040463,01/01/2000,Student 463,PASS,"{""CS101"":""A"",""CS102"":""B""}"
82221040464,01/01/2000,Student 464,PASS,"{""CS101"":""A"",""CS102"":""B""}"
82221040465,01/01/2000,Student 465,PASS,"{""CS101"":""A"",""CS102"":""B""}"
82221040466,01/01/2000,Student 466,PASS,"{""CS101"":""A"",""CS102"":""B""}"
82221040467,01/01/2000,Student 467,PASS,"{""CS101"":""A"",""CS102"":""B""}"
82221040468,01/01/2000,Student 468,PASS,"{""CS101"":""A"",""CS102"":""B""}"
82221040469,01/01/2000,Student 469,PASS,"{""CS101"":""A"",""CS102"":""B""}"
82221040470,01/01/2000,Student 470,PASS,"{""CS101"":""A"",""CS102"":""B""}"
82221040471,01/01/2000,Student 471,PASS,"{""CS101"":""A"",""CS102"":""B""}"
82221040472,01/01/2000,Student 472,PASS,"{""CS101"":""A"",""CS102"":""B""}"
82221040473,01/01/2000,Student 473,PASS,"{""CS101"":""A"",""CS102"":""B""}"
82221040474,01/01/2000,Student 474,PASS,"{""CS101"":""A"",""CS102"":""B""}"
82221040475,01/01/2000,Student 475,PASS,"{""CS101"":""A"",""CS102"":""B""}"
82221040476,01/01/2000,Student 476,PASS,"{""CS101"":""A"",""CS102"":""B""}"
82221040477,01/01/2000,Student 477,FAIL,"{""CS101"":""A"",""CS102"":""B""}"
82221040478,01/01/2000,Student 478,PASS,"{""CS101"":""U"",""CS102"":""U""}"
82221040479,01/01/2000,Student 479,PASS,"{""CS101"":""A"",""CS102"":""U""}"
82221040480,01/01/2000,Student 480,PASS,"{""CS101"":""A"",""CS102"":""B""}"
82221040481,01/01/2000,Student 481,FAIL,"{""CS101"":""A"",""CS102"":""U""}"
82221040482,01/01/2000,Student 482,PASS,"{""CS101"":""A"",""CS102"":""B""}"
82221040483,01/01/2000,Student 483,PASS,"{""CS101"":""A"",""CS102"":""B""}"
82221040484,01/01/2000,Student 484,PASS,"{""CS101"":""A"",""CS102"":""B""}"
82221040485,01/01/2000,Student 485,PASS,"{""CS101"":""A"",""CS102"":""B""}"
82221040486,01/01/2000,Student 486,PASS,"{""CS101"":""U"",""CS102"":""B""}"
82221040487,01/01/2000,Student 487,PASS,"{""CS101"":""A"",""CS102"":""B""}"
82221040488,01/01/2000,Student 488,PASS,"{""CS101"":""A"",""CS102"":""B""}"
82221040489,01/01/2000,Student 489,PASS,"{""CS101"":""A"",""CS102"":""B""}"
82221040490,01/01/2000,Student 490,PASS,"{""CS101"":""A"",""CS102"":""B""}"
82221040491,01/01/2000,Student 491,PASS,"{""CS101"":""U"",""CS102"":""B""}"
82221040492,01/01/2000,Student 492,PASS,"{""CS101"":""A"",""CS102"":""B""}"
82221040493,01/01/2000,Student 493,PASS,"{""CS101"":""A"",""CS102"":""B""}"
82221040494,01/01/2000,Student 494,PASS,"{""CS101"":""A"",""CS102"":""U""}"
82221040495,01/01/2000,Student 495,PASS,"{""CS101"":""A"",""CS102"":""B""}"
82221040496,01/01/2000,Student 496,PASS,"{""CS101"":""A"",""CS102"":""B""}"
82221040497,01/01/2000,Student 497,PASS,"{""CS101"":""A"",""CS102"":""B""}"
82221040498,01/01/2000,Student 498,PASS,"{""CS101"":""A"",""CS102"":""B""}"
82221040499,01/01/2000,Student 499,PASS,"{""CS101"":""A"",""CS102"":""B""}"
82221040500,01/01/2000,Student 500,PASS,"{""CS101"":""A"",""CS102"":""B""}"
82221040501,01/01/2000,Student 501,PASS,"{""CS101"":""A"",""CS102"":""B""}"
82221040502,01/01/2000,Student 502,PASS,"{""CS101"":""A"",""CS102"":""B""}"
82221040503,01/01/2000,Student 503,PASS,"{""CS101"":""A"",""CS102"":""B""}"
82221040504,01/01/2000,Student 504,PASS,"{""CS101"":""A"",""CS102"":""B""}"
82221040505,01/01/2000,Student 505,FAIL,"{""CS101"":""U"",""CS102"":""B""}"
82221040506,01/01/2000,Student 506,PASS,"{""CS101"":""A"",""CS102"":""B""}"
82221040507,01/01/2000,Student 507,PASS,"{""CS101"":""U"",""CS102"":""B""}"
82221040508,01/01/2000,Student 508,PASS,"{""CS101"":""A"",""CS102"":""B""}"
82221040509,01/01/2000,Student 509,PASS,"{""CS101"":""A"",""CS102"":""B""}"
82221040510,01/01/2000,Student 510,PASS,"{""CS101"":""A"",""CS102"":""B""}"
82221040511,01/01/2000,Student 511,PASS,"{""CS101"":""A"",""CS102"":""B""}"
82221040512,01/01/2000,Student 512,FAIL,"{""CS101"":""U"",""CS102"":""B""}"
82221040513,01/01/2000,Student 513,PASS,"{""CS101"":""A"",""CS102"":""B""}"
82221040514,01/01/2000,Student 514,PASS,"{""CS101"":""A"",""CS102"":""U""}"
82221040515,01/01/2000,Student 515,PASS,"{""CS101"":""A"",""CS102"":""B""}"
82221040516,01/01/2000,Student 516,PASS,"{""CS101"":""A"",""CS102"":""B""}"
82221040517,01/01/2000,Student 517,FAIL,"{""CS101"":""U"",""CS102"":""B""}"
82221040518,01/01/2000,Student 518,PASS,"{""CS101"":""U"",""CS102"":""B""}"
82221040519,01/01/2000,Student 519,PASS,"{""CS101"":""A"",""CS102"":""B""}"
82221040520,01/01/2000,Student 520,PASS,"{""CS101"":""A"",""CS102"":""B""}"
82221040521,01/01/2000,Student 521,PASS,"{""CS101"":""A"",""CS102"":""B""}"
82221040522,01/01/2000,Student 522,PASS,"{""CS101"":""A"",""CS102"":""B""}"
82221040523,01/01/2000,Student 523,PASS,"{""CS101"":""A"",""CS102"":""B""}"
82221040524,01/01/2000,Student 524,PASS,"{""CS101"":""U"",""CS102"":""B""}"
82221040525,01/01/2000,Student 525,PASS,"{""CS101"":""A"",""CS102"":""B""}"
82221040526,01/01/2000,Student 526,PASS,"{""CS101"":""A"",""CS102"":""U""}"
82221040527,01/01/2000,Student 527,PASS,"{""CS101"":""U"",""CS102"":""B""}"
82221040528,01/01/2000,Student 528,PASS,"{""CS101"":""U"",""CS102"":""B""}"
82221040529,01/01/2000,Student 529,PASS,"{""CS101"":""A"",""CS102"":""B""}"
82221040530,01/01/2000,Student 530,PASS,"{""CS101"":""A"",""CS102"":""B""}"
82221040531,01/01/2000,Student 531,PASS,"{""CS101"":""U"",""CS102"":""B""}"
82221040532,01/01/2000,Student 532,FAIL,"{""CS101"":""A"",""CS102"":""B""}"
82221040533,01/01/2000,Student 533,PASS,"{""CS101"":""A"",""CS102"":""B""}"
82221040534,01/01/2000,Student 534,FAIL,"{""CS101"":""A"",""CS102"":""B""}"
82221040535,01/01/2000,Student 535,FAIL,"{""CS101"":""A"",""CS102"":""U""}"
82221040536,01/01/2000,Student 536,PASS,"{""CS101"":""U"",""CS102"":""B""}"
82221040537,01/01/2000,Student 537,PASS,"{""CS101"":""A"",""CS102"":""B""}"
82221040538,01/01/2000,Student 538,PASS,"{""CS101"":""A"",""CS102"":""B""}"
82221040539,01/01/2000,Student 539,PASS,"{""CS101"":""A"",""CS102"":""B""}"
82221040540,01/01/2000,Student 540,PASS,"{""CS101"":""U"",""CS102"":""B""}"
82221040541,01/01/2000,Student 541,PASS,"{""CS101"":""A"",""CS102"":""B""}"
82221040542,01/01/2000,Student 542,PASS,"{""CS101"":""A"",""CS102"":""B""}"
82221040543,01/01/2000,Student 543,PASS,"{""CS101"":""A"",""CS102"":""B""}"
82221040544,01/01/2000,Student 544,PASS,"{""CS101"":""A"",""CS102"":""B""}"
82221040545,01/01/2000,Student 545,PASS,"{""CS101"":""A"",""CS102"":""B""}"
82221040546,01/01/2000,Student 546,PASS,"{""CS101"":""A"",""CS102"":""B""}"
82221040547,01/01/2000,Student 547,PASS,"{""CS101"":""A"",""CS102"":""B""}"
82221040548,01/01/2000,Student 548,PASS,"{""CS101"":""U"",""CS102"":""B""}"
82221040549,01/01/2000,Student 549,PASS,"{""CS101"":""A"",""CS102"":""B""}"
82221040550,01/01/2000,Student 550,PASS,"{""CS101"":""A"",""CS102"":""B""}"
82221040551,01/01/2000,Student 551,PASS,"{""CS101"":""A"",""CS102"":""B""}"
82221040552,01/01/2000,Student 552,PASS,"{""CS101"":""A"",""CS102"":""B""}"
82221040553,01/01/2000,Student 553,PASS,"{""CS101"":""A"",""CS102"":""B""}"
82221040554,01/01/2000,Student 554,PASS,"{""CS101"":""A"",""CS102"":""B""}"
82221040555,01/01/2000,Student 555,PASS,"{""CS101"":""A"",""CS102"":""U""}"
82221040556,01/01/2000,Student 556,PASS,"{""CS101"":""U"",""CS102"":""B""}"
82221040557,01/01/2000,Student 557,PASS,"{""CS101"":""A"",""CS102"":""B""}"
82221040558,01/01/2000,Student 558,PASS,"{""CS101"":""A"",""CS102"":""U""}"
82221040559,01/01/2000,Student 559,PASS,"{""CS101"":""A"",""CS102"":""B""}"
82221040560,01/01/2000,Student 560,PASS,"{""CS101"":""A"",""CS102"":""B""}"
82221040561,01/01/2000,Student 561,PASS,"{""CS101"":""A"",""CS102"":""B""}"
82221040562,01/01/2000,Student 562,PASS,"{""CS101"":""U"",""CS102"":""B""}"
82221040563,01/01/2000,Student 563,PASS,"{""CS101"":""A"",""CS102"":""B""}"
82221040564,01/01/2000,Student 564,PASS,"{""CS101"":""A"",""CS102"":""B""}"
82221040565,01/01/2000,Student 565,PASS,"{""CS101"":""A"",""CS102"":""U""}"
82221040566,01/01/2000,Student 566,PASS,"{""CS101"":""A"",""CS102"":""B""}"
82221040567,01/01/2000,Student 567,PASS,"{""CS101"":""A"",""CS102"":""B""}"
82221040568,01/01/2000,Student 568,PASS,"{""CS101"":""A"",""CS102"":""B""}"
82221040569,01/01/2000,Student 569,PASS,"{""CS101"":""A"",""CS102"":""B""}"
82221040570,01/01/2000,Student 570,PASS,"{""CS101"":""A"",""CS102"":""B""}"
82221040571,01/01/2000,Student 571,PASS,"{""CS101"":""A"",""CS102"":""B""}"
82221040572,01/01/2000,Student 572,PASS,"{""CS101"":""A"",""CS102"":""B""}"
82221040573,01/01/2000,Student 573,PASS,"{""CS101"":""A"",""CS102"":""B""}"
82221040574,01/01/2000,Student 574,FAIL,"{""CS101"":""A"",""CS102"":""B""}"
82221040575,01/01/2000,Student 575,PASS,"{""CS101"":""A"",""CS102"":""B""}"
82221040576,01/01/2000,Student 576,PASS,"{""CS101"":""A"",""CS102"":""B""}"
82221040577,01/01/2000,Student 577,PASS,"{""CS101"":""A"",""CS102"":""B""}"
82221040578,01/01/2000,Student 578,PASS,"{""CS101"":""A"",""CS102"":""B""}"
82221040579,01/01/2000,Student 579,PASS,"{""CS101"":""A"",""CS102"":""B""}"
82221040580,01/01/2000,Student 580,PASS,"{""CS101"":""A"",""CS102"":""B""}"
82221040581,01/01/2000,Student 581,PASS,"{""CS101"":""A"",""CS102"":""B""}"
82221040582,01/01/2000,Student 582,PASS,"{""CS101"":""A"",""CS102"":""B""}"
82221040583,01/01/2000,Student 583,PASS,"{""CS101"":""A"",""CS102"":""B""}"
82221040584,01/01/2000,Student 584,FAIL,"{""CS101"":""A"",""CS102"":""B""}"
82221040585,01/01/2000,Student 585,PASS,"{""CS101"":""A"",""CS102"":""B""}"
82221040586,01/01/2000,Student 586,PASS,"{""CS101"":""U"",""CS102"":""B""}"
82221040587,01/01/2000,Student 587,PASS,"{""CS101"":""A"",""CS102"":""B""}"
82221040588,01/01/2000,Student 588,PASS,"{""CS101"":""A"",""CS102"":""B""}"
82221040589,01/01/2000,Student 589,PASS,"{""CS101"":""A"",""CS102"":""B""}"
82221040590,01/01/2000,Student 590,PASS,"{""CS101"":""U"",""CS102"":""B""}"
82221040591,01/01/2000,Student 591,PASS,"{""CS101"":""A"",""CS102"":""B""}"
82221040592,01/01/2000,Student 592,PASS,"{""CS101"":""A"",""CS102"":""B""}"
82221040593,01/01/2000,Student 593,PASS,"{""CS101"":""U"",""CS102"":""B""}"
82221040594,01/01/2000,Student 594,PASS,"{""CS101"":""A"",""CS102"":""B""}"
82221040595,01/01/2000,Student 595,PASS,"{""CS101"":""A"",""CS102"":""B""}"
82221040596,01/01/2000,Student 596,PASS,"{""CS101"":""A"",""CS102"":""B""}"
82221040597,01/01/2000,Student 597,PASS,"{""CS101"":""A"",""CS102"":""B""}"
82221040598,01/01/2000,Student 598,PASS,"{""CS101"":""A"",""CS102"":""B""}"
82221040599,01/01/2000,Student 599,PASS,"{""CS101"":""A"",""CS102"":""B""}"
82221040600,01/01/2000,Student 600,PASS,"{""CS101"":""A"",""CS102"":""U""}"
82221040601,01/01/2000,Student 601,PASS,"{""CS101"":""A"",""CS102"":""B""}"
82221040602,01/01/2000,Student 602,PASS,"{""CS101"":""A"",""CS102"":""B""}"
82221040603,01/01/2000,Student 603,PASS,"{""CS101"":""A"",""CS102"":""B""}"
82221040604,01/01/2000,Student 604,PASS,"{""CS101"":""A"",""CS102"":""B""}"
82221040605,01/01/2000,Student 605,FAIL,"{""CS101"":""A"",""CS102"":""B""}"
82221040606,01/01/2000,Student 606,PASS,"{""CS101"":""A"",""CS102"":""B""}"
82221040607,01/01/2000,Student 607,PASS,"{""CS101"":""A"",""CS102"":""B""}"
82221040608,01/01/2000,Student 608,PASS,"{""CS101"":""A"",""CS102"":""B""}"
82221040609,01/01/2000,Student 609,PASS,"{""CS101"":""A"",""CS102"":""B""}"
82221040610,01/01/2000,Student 610,FAIL,"{""CS101"":""A"",""CS102"":""B""}"
82221040611,01/01/2000,Student 611,PASS,"{""CS101"":""A"",""CS102"":""B""}"
82221040612,01/01/2000,Student 612,PASS,"{""CS101"":""A"",""CS102"":""B""}"
82221040613,01/01/2000,Student 613,PASS,"{""CS101"":""A"",""CS102"":""B""}"
82221040614,01/01/2000,Student 614,FAIL,"{""CS101"":""A"",""CS102"":""B""}"
82221040615,01/01/2000,Student 615,FAIL,"{""CS101"":""U"",""CS102"":""B""}"
82221040616,01/01/2000,Student 616,PASS,"{""CS101"":""A"",""CS102"":""U""}"
82221040617,01/01/2000,Student 617,PASS,"{""CS101"":""A"",""CS102"":""B""}"
82221040618,01/01/2000,Student 618,PASS,"{""CS101"":""A"",""CS102"":""B""}"
82221040619,01/01/2000,Student 619,PASS,"{""CS101"":""A"",""CS102"":""B""}"
82221040620,01/01/2000,Student 620,PASS,"{""CS101"":""A"",""CS102"":""B""}"
82221040621,01/01/2000,Student 621,PASS,"{""CS101"":""A"",""CS102"":""B""}"
82221040622,01/01/2000,Student 622,PASS,"{""CS101"":""U"",""CS102"":""B""}"
82221040623,01/01/2000,Student 623,FAIL,"{""CS101"":""A"",""CS102"":""B""}"
82221040624,01/01/2000,Student 624,PASS,"{""CS101"":""A"",""CS102"":""B""}"
82221040625,01/01/2000,Student 625,PASS,"{""CS101"":""A"",""CS102"":""B""}"
82221040626,01/01/2000,Student 626,FAIL,"{""CS101"":""A"",""CS102"":""B""}"
82221040627,01/01/2000,Student 627,PASS,"{""CS101"":""U"",""CS102"":""B""}"
82221040628,01/01/2000,Student 628,PASS,"{""CS101"":""A"",""CS102"":""B""}"
82221040629,01/01/2000,Student 629,PASS,"{""CS101"":""U"",""CS102"":""B""}"
82221040630,01/01/2000,Student 630,PASS,"{""CS101"":""A"",""CS102"":""B""}"
82221040631,01/01/2000,Student 631,PASS,"{""CS101"":""A"",""CS102"":""B""}"
82221040632,01/01/2000,Student 632,PASS,"{""CS101"":""A"",""CS102"":""B""}"
82221040633,01/01/2000,Student 633,PASS,"{""CS101"":""U"",""CS102"":""B""}"
82221040634,01/01/2000,Student 634,PASS,"{""CS101"":""A"",""CS102"":""B""}"
82221040635,01/01/2000,Student 635,PASS,"{""CS101"":""A"",""CS102"":""U""}"
82221040636,01/01/2000,Student 636,PASS,"{""CS101"":""A"",""CS102"":""B""}"
82221040637,01/01/2000,Student 637,PASS,"{""CS101"":""A"",""CS102"":""B""}"
82221040638,01/01/2000,Student 638,PASS,"{""CS101"":""A"",""CS102"":""B""}"
82221040639,01/01/2000,Student 639,PASS,"{""CS101"":""A"",""CS102"":""B""}"
82221040640,01/01/2000,Student 640,PASS,"{""CS101"":""A"",""CS102"":""B""}"
82221040641,01/01/2000,Student 641,PASS,"{""CS101"":""A"",""CS102"":""B""}"
82221040642,01/01/2000,Student 642,PASS,"{""CS101"":""U"",""CS102"":""B""}"
82221040643,01/01/2000,Student 643,FAIL,"{""CS101"":""A"",""CS102"":""B""}"
82221040644,01/01/2000,Student 644,PASS,"{""CS101"":""A"",""CS102"":""B""}"
82221040645,01/01/2000,Student 645,PASS,"{""CS101"":""A"",""CS102"":""B""}"
82221040646,01/01/2000,Student 646,PASS,"{""CS101"":""A"",""CS102"":""B""}"
82221040647,01/01/2000,Student 647,PASS,"{""CS101"":""A"",""CS102"":""B""}"
82221040648,01/01/2000,Student 648,PASS,"{""CS101"":""A"",""CS102"":""B""}"
82221040649,01/01/2000,Student 649,FAIL,"{""CS101"":""U"",""CS102"":""B""}"
82221040650,01/01/2000,Student 650,PASS,"{""CS101"":""A"",""CS102"":""B""}"
82221040651,01/01/2000,Student 651,FAIL,"{""CS101"":""U"",""CS102"":""B""}"
82221040652,01/01/2000,Student 652,PASS,"{""CS101"":""A"",""CS102"":""B""}"
82221040653,01/01/2000,Student 653,PASS,"{""CS101"":""A"",""CS102"":""B""}"
82221040654,01/01/2000,Student 654,PASS,"{""CS101"":""A"",""CS102"":""B""}"
82221040655,01/01/2000,Student 655,PASS,"{""CS101"":""A"",""CS102"":""B""}"
82221040656,01/01/2000,Student 656,PASS,"{""CS101"":""A"",""CS102"":""B""}"
82221040657,01/01/2000,Student 657,PASS,"{""CS101"":""A"",""CS102"":""U""}"
82221040658,01/01/2000,Student 658,PASS,"{""CS101"":""A"",""CS102"":""B""}"
82221040659,01/01/2000,Student 659,PASS,"{""CS101"":""U"",""CS102"":""B""}"
82221040660,01/01/2000,Student 660,PASS,"{""CS101"":""U"",""CS102"":""B""}"
82221040661,01/01/2000,Student 661,PASS,"{""CS101"":""A"",""CS102"":""B""}"
82221040662,01/01/2000,Student 662,PASS,"{""CS101"":""A"",""CS102"":""B""}"
82221040663,01/01/2000,Student 663,PASS,"{""CS101"":""A"",""CS102"":""B""}"
82221040664,01/01/2000,Student 664,PASS,"{""CS101"":""A"",""CS102"":""B""}"
82221040665,01/01/2000,Student 665,PASS,"{""CS101"":""A"",""CS102"":""B""}"
82221040666,01/01/2000,Student 666,PASS,"{""CS101"":""A"",""CS102"":""B""}"
82221040667,01/01/2000,Student 667,PASS,"{""CS101"":""A"",""CS102"":""B""}"
82221040668,01/01/2000,Student 668,PASS,"{""CS101"":""A"",""CS102"":""B""}"
82221040669,01/01/2000,Student 669,PASS,"{""CS101"":""A"",""CS102"":""B""}"
82221040670,01/01/2000,Student 670,PASS,"{""CS101"":""A"",""CS102"":""B""}"
82221040671,01/01/2000,Student 671,PASS,"{""CS101"":""A"",""CS102"":""B""}"
82221040672,01/01/2000,Student 672,PASS,"{""CS101"":""A"",""CS102"":""B""}"
82221040673,01/01/2000,Student 673,PASS,"{""CS101"":""A"",""CS102"":""B""}"
82221040674,01/01/2000,Student 674,PASS,"{""CS101"":""A"",""CS102"":""B""}"
82221040675,01/01/2000,Student 675,FAIL,"{""CS101"":""A"",""CS102"":""B""}"
82221040676,01/01/2000,Student 676,PASS,"{""CS101"":""A"",""CS102"":""B""}"
82221040677,01/01/2000,Student 677,PASS,"{""CS101"":""A"",""CS102"":""B""}"
82221040678,01/01/2000,Student 678,PASS,"{""CS101"":""A"",""CS102"":""B""}"
82221040679,01/01/2000,Student 679,PASS,"{""CS101"":""A"",""CS102"":""B""}"
82221040680,01/01/2000,Student 680,PASS,"{""CS101"":""A"",""CS102"":""B""}"
82221040681,01/01/2000,Student 681,PASS,"{""CS101"":""A"",""CS102"":""B""}"
82221040682,01/01/2000,Student 682,PASS,"{""CS101"":""A"",""CS102"":""B""}"
82221040683,01/01/2000,Student 683,PASS,"{""CS101"":""A"",""CS102"":""B""}"
82221040684,01/01/2000,Student 684,PASS,"{""CS101"":""A"",""CS102"":""B""}"
82221040685,01/01/2000,Student 685,PASS,"{""CS101"":""A"",""CS102"":""B""}"
82221040686,01/01/2000,Student 686,FAIL,"{""CS101"":""A"",""CS102"":""B""}"
82221040687,01/01/2000,Student 687,PASS,"{""CS101"":""A"",""CS102"":""B""}"
82221040688,01/01/2000,Student 688,PASS,"{""CS101"":""A"",""CS102"":""U""}"
82221040689,01/01/2000,Student 689,PASS,"{""CS101"":""A"",""CS102"":""B""}"
82221040690,01/01/2000,Student 690,PASS,"{""CS101"":""A"",""CS102"":""B""}"
82221040691,01/01/2000,Student 691,PASS,"{""CS101"":""A"",""CS102"":""B""}"
82221040692,01/01/2000,Student 692,PASS,"{""CS101"":""U"",""CS102"":""B""}"
82221040693,01/01/2000,Student 693,PASS,"{""CS101"":""A"",""CS102"":""U""}"
82221040694,01/01/2000,Student 694,PASS,"{""CS101"":""A"",""CS102"":""B""}"
82221040695,01/01/2000,Student 695,PASS,"{""CS101"":""A"",""CS102"":""B""}"
82221040696,01/01/2000,Student 696,PASS,"{""CS101"":""A"",""CS102"":""B""}"
82221040697,01/01/2000,Student 697,PASS,"{""CS101"":""A"",""CS102"":""B""}"
82221040698,01/01/2000,Student 698,PASS,"{""CS101"":""U"",""CS102"":""B""}"
82221040699,01/01/2000,Student 699,PASS,"{""CS101"":""U"",""CS102"":""U""}"
82221040700,01/01/2000,Student 700,PASS,"{""CS101"":""U"",""CS102"":""B""}"
82221040701,01/01/2000,Student 701,PASS,"{""CS101"":""A"",""CS102"":""B""}"
82221040702,01/01/2000,Student 702,PASS,"{""CS101"":""A"",""CS102"":""B""}"
82221040703,01/01/2000,Student 703,PASS,"{""CS101"":""A"",""CS102"":""B""}"
82221040704,01/01/2000,Student 704,PASS,"{""CS101"":""A"",""CS102"":""B""}"
82221040705,01/01/2000,Student 705,PASS,"{""CS101"":""A"",""CS102"":""B""}"
82221040706,01/01/2000,Student 706,PASS,"{""CS101"":""A"",""CS102"":""B""}"
82221040707,01/01/2000,Student 707,PASS,"{""CS101"":""A"",""CS102"":""B""}"
82221040708,01/01/2000,Student 708,PASS,"{""CS101"":""A"",""CS102"":""B""}"
82221040709,01/01/2000,Student 709,PASS,"{""CS101"":""A"",""CS102"":""B""}"
82221040710,01/01/2000,Student 710,PASS,"{""CS101"":""A"",""CS102"":""B""}"
82221040711,01/01/2000,Student 711,PASS,"{""CS101"":""A"",""CS102"":""B""}"
82221040712,01/01/2000,Student 712,PASS,"{""CS101"":""A"",""CS102"":""B""}"
82221040713,01/01/2000,Student 713,PASS,"{""CS101"":""A"",""CS102"":""U""}"
82221040714,01/01/2000,Student 714,PASS,"{""CS101"":""U"",""CS102"":""B""}"
82221040715,01/01/2000,Student 715,FAIL,"{""CS101"":""A"",""CS102"":""B""}"
82221040716,01/01/2000,Student 716,PASS,"{""CS101"":""A"",""CS102"":""B""}"
82221040717,01/01/2000,Student 717,PASS,"{""CS101"":""A"",""CS102"":""B""}"
82221040718,01/01/2000,Student 718,FAIL,"{""CS101"":""A"",""CS102"":""B""}"
82221040719,01/01/2000,Student 719,PASS,"{""CS101"":""A"",""CS102"":""B""}"
82221040720,01/01/2000,Student 720,PASS,"{""CS101"":""A"",""CS102"":""B""}"
82221040721,01/01/2000,Student 721,PASS,"{""CS101"":""A"",""CS102"":""B""}"
82221040722,01/01/2000,Student 722,PASS,"{""CS101"":""A"",""CS102"":""U""}"
82221040723,01/01/2000,Student 723,FAIL,"{""CS101"":""A"",""CS102"":""B""}"
82221040724,01/01/2000,Student 724,PASS,"{""CS101"":""A"",""CS102"":""B""}"
82221040725,01/01/2000,Student 725,FAIL,"{""CS101"":""A"",""CS102"":""B""}"
82221040726,01/01/2000,Student 726,PASS,"{""CS101"":""A"",""CS102"":""B""}"
82221040727,01/01/2000,Student 727,PASS,"{""CS101"":""A"",""CS102"":""B""}"
82221040728,01/01/2000,Student 728,PASS,"{""CS101"":""A"",""CS102"":""B""}"
82221040729,01/01/2000,Student 729,PASS,"{""CS101"":""U"",""CS102"":""B""}"
82221040730,01/01/2000,Student 730,PASS,"{""CS101"":""A"",""CS102"":""B""}"
82221040731,01/01/2000,Student 731,PASS,"{""CS101"":""A"",""CS102"":""B""}"
82221040732,01/01/2000,Student 732,PASS,"{""CS101"":""A"",""CS102"":""B""}"
82221040733,01/01/2000,Student 733,FAIL,"{""CS101"":""U"",""CS102"":""B""}"
82221040734,01/01/2000,Student 734,PASS,"{""CS101"":""A"",""CS102"":""B""}"
82221040735,01/01/2000,Student 735,PASS,"{""CS101"":""A"",""CS102"":""B""}"
82221040736,01/01/2000,Student 736,PASS,"{""CS101"":""A"",""CS102"":""B""}"
82221040737,01/01/2000,Student 737,PASS,"{""CS101"":""A"",""CS102"":""B""}"
82221040738,01/01/2000,Student 738,PASS,"{""CS101"":""A"",""CS102"":""B""}"
82221040739,01/01/2000,Student 739,PASS,"{""CS101"":""A"",""CS102"":""B""}"
82221040740,01/01/2000,Student 740,PASS,"{""CS101"":""A"",""CS102"":""B""}"
82221040741,01/01/2000,Student 741,PASS,"{""CS101"":""A"",""CS102"":""B""}"
82221040742,01/01/2000,Student 742,PASS,"{""CS101"":""A"",""CS102"":""B""}"
82221040743,01/01/2000,Student 743,PASS,"{""CS101"":""A"",""CS102"":""B""}"
82221040744,01/01/2000,Student 744,PASS,"{""CS101"":""A"",""CS102"":""B""}"
82221040745,01/01/2000,Student 745,PASS,"{""CS101"":""A"",""CS102"":""B""}"
82221040746,01/01/2000,Student 746,PASS,"{""CS101"":""A"",""CS102"":""B""}"
82221040747,01/01/2000,Student 747,PASS,"{""CS101"":""A"",""CS102"":""B""}"
82221040748,01/01/2000,Student 748,PASS,"{""CS101"":""A"",""CS102"":""B""}"
82221040749,01/01/2000,Student 749,FAIL,"{""CS101"":""A"",""CS102"":""B""}"
82221040750,01/01/2000,Student 750,PASS,"{""CS101"":""A"",""CS102"":""U""}"
82221040751,01/01/2000,Student 751,PASS,"{""CS101"":""A"",""CS102"":""B""}"
82221040752,01/01/2000,Student 752,PASS,"{""CS101"":""A"",""CS102"":""B""}"
82221040753,01/01/2000,Student 753,PASS,"{""CS101"":""A"",""CS102"":""B""}"
82221040754,01/01/2000,Student 754,PASS,"{""CS101"":""U"",""CS102"":""B""}"
82221040755,01/01/2000,Student 755,FAIL,"{""CS101"":""A"",""CS102"":""B""}"
82221040756,01/01/2000,Student 756,PASS,"{""CS101"":""A"",""CS102"":""B""}"
82221040757,01/01/2000,Student 757,PASS,"{""CS101"":""A"",""CS102"":""B""}"
82221040758,01/01/2000,Student 758,PASS,"{""CS101"":""A"",""CS102"":""B""}"
82221040759,01/01/2000,Student 759,PASS,"{""CS101"":""A"",""CS102"":""B""}"
82221040760,01/01/2000,Student 760,PASS,"{""CS101"":""A"",""CS102"":""B""}"
82221040761,01/01/2000,Student 761,PASS,"{""CS101"":""A"",""CS102"":""B""}"
82221040762,01/01/2000,Student 762,PASS,"{""CS101"":""A"",""CS102"":""U""}"
82221040763,01/01/2000,Student 763,PASS,"{""CS101"":""A"",""CS102"":""B""}"
82221040764,01/01/2000,Student 764,PASS,"{""CS101"":""A"",""CS102"":""B""}"
82221040765,01/01/2000,Student 765,PASS,"{""CS101"":""A"",""CS102"":""B""}"
82221040766,01/01/2000,Student 766,FAIL,"{""CS101"":""A"",""CS102"":""B""}"
82221040767,01/01/2000,Student 767,PASS,"{""CS101"":""A"",""CS102"":""U""}"
82221040768,01/01/2000,Student 768,PASS,"{""CS101"":""A"",""CS102"":""B""}"
82221040769,01/01/2000,Student 769,PASS,"{""CS101"":""A"",""CS102"":""U""}"
82221040770,01/01/2000,Student 770,PASS,"{""CS101"":""A"",""CS102"":""B""}"
82221040771,01/01/2000,Student 771,PASS,"{""CS101"":""U"",""CS102"":""B""}"
82221040772,01/01/2000,Student 772,PASS,"{""CS101"":""A"",""CS102"":""B""}"
82221040773,01/01/2000,Student 773,PASS,"{""CS101"":""A"",""CS102"":""B""}"
82221040774,01/01/2000,Student 774,FAIL,"{""CS101"":""A"",""CS102"":""B""}"
82221040775,01/01/2000,Student 775,PASS,"{""CS101"":""U"",""CS102"":""B""}"
82221040776,01/01/2000,Student 776,PASS,"{""CS101"":""A"",""CS102"":""B""}"
82221040777,01/01/2000,Student 777,PASS,"{""CS101"":""A"",""CS102"":""B""}"
82221040778,01/01/2000,Student 778,FAIL,"{""CS101"":""A"",""CS102"":""B""}"
82221040779,01/01/2000,Student 779,PASS,"{""CS101"":""A"",""CS102"":""B""}"
82221040780,01/01/2000,Student 780,PASS,"{""CS101"":""A"",""CS102"":""B""}"
82221040781,01/01/2000,Student 781,PASS,"{""CS101"":""A"",""CS102"":""B""}"
82221040782,01/01/2000,Student 782,PASS,"{""CS101"":""U"",""CS102"":""B""}"
82221040783,01/01/2000,Student 783,PASS,"{""CS101"":""A"",""CS102"":""B""}"
82221040784,01/01/2000,Student 784,PASS,"{""CS101"":""A"",""CS102"":""B""}"
82221040785,01/01/2000,Student 785,PASS,"{""CS101"":""A"",""CS102"":""B""}"
82221040786,01/01/2000,Student 786,PASS,"{""CS101"":""A"",""CS102"":""B""}"
82221040787,01/01/2000,Student 787,PASS,"{""CS101"":""A"",""CS102"":""B""}"
82221040788,01/01/2000,Student 788,PASS,"{""CS101"":""A"",""CS102"":""B""}"
82221040789,01/01/2000,Student 789,FAIL,"{""CS101"":""A"",""CS102"":""B""}"
82221040790,01/01/2000,Student 790,PASS,"{""CS101"":""A"",""CS102"":""B""}"
82221040791,01/01/2000,Student 791,PASS,"{""CS101"":""A"",""CS102"":""B""}"
82221040792,01/01/2000,Student 792,PASS,"{""CS101"":""A"",""CS102"":""B""}"
82221040793,01/01/2000,Student 793,PASS,"{""CS101"":""A"",""CS102"":""B""}"
82221040794,01/01/2000,Student 794,PASS,"{""CS101"":""U"",""CS102"":""B""}"
82221040795,01/01/2000,Student 795,PASS,"{""CS101"":""A"",""CS102"":""B""}"
82221040796,01/01/2000,Student 796,PASS,"{""CS101"":""A"",""CS102"":""U""}"
82221040797,01/01/2000,Student 797,PASS,"{""CS101"":""A"",""CS102"":""B""}"
82221040798,01/01/2000,Student 798,PASS,"{""CS101"":""A"",""CS102"":""B""}"
82221040799,01/01/2000,Student 799,FAIL,"{""CS101"":""A"",""CS102"":""U""}"
82221040800,01/01/2000,Student 800,PASS,"{""CS101"":""A"",""CS102"":""B""}"
82221040801,01/01/2000,Student 801,PASS,"{""CS101"":""A"",""CS102"":""B""}"
82221040802,01/01/2000,Student 802,PASS,"{""CS101"":""A"",""CS102"":""B""}"
82221040803,01/01/2000,Student 803,PASS,"{""CS101"":""A"",""CS102"":""B""}"
82221040804,01/01/2000,Student 804,PASS,"{""CS101"":""A"",""CS102"":""B""}"
82221040805,01/01/2000,Student 805,FAIL,"{""CS101"":""A"",""CS102"":""B""}"
82221040806,01/01/2000,Student 806,PASS,"{""CS101"":""A"",""CS102"":""B""}"
82221040807,01/01/2000,Student 807,PASS,"{""CS101"":""A"",""CS102"":""B""}"
82221040808,01/01/2000,Student 808,PASS,"{""CS101"":""A"",""CS102"":""B""}"
82221040809,01/01/2000,Student 809,PASS,"{""CS101"":""A"",""CS102"":""B""}"
82221040810,01/01/2000,Student 810,FAIL,"{""CS101"":""A"",""CS102"":""B""}"
82221040811,01/01/2000,Student 811,PASS,"{""CS101"":""A"",""CS102"":""B""}"
82221040812,01/01/2000,Student 812,PASS,"{""CS101"":""A"",""CS102"":""B""}"
82221040813,01/01/2000,Student 813,PASS,"{""CS101"":""A"",""CS102"":""B""}"
82221040814,01/01/2000,Student 814,PASS,"{""CS101"":""A"",""CS102"":""B""}"
82221040815,01/01/2000,Student 815,PASS,"{""CS101"":""A"",""CS102"":""B""}"
82221040816,01/01/2000,Student 816,PASS,"{""CS101"":""A"",""CS102"":""B""}"
82221040817,01/01/2000,Student 817,PASS,"{""CS101"":""A"",""CS102"":""B""}"
82221040818,01/01/2000,Student 818,PASS,"{""CS101"":""U"",""CS102"":""B""}"
82221040819,01/01/2000,Student 819,PASS,"{""CS101"":""A"",""CS102"":""B""}"
82221040820,01/01/2000,Student 820,PASS,"{""CS101"":""A"",""CS102"":""B""}"
82221040821,01/01/2000,Student 821,PASS,"{""CS101"":""A"",""CS102"":""B""}"
82221040822,01/01/2000,Student 822,PASS,"{""CS101"":""U"",""CS102"":""B""}"
82221040823,01/01/2000,Student 823,PASS,"{""CS101"":""A"",""CS102"":""B""}"
82221040824,01/01/2000,Student 824,PASS,"{""CS101"":""A"",""CS102"":""B""}"
82221040825,01/01/2000,Student 825,PASS,"{""CS101"":""A"",""CS102"":""U""}"
82221040826,01/01/2000,Student 826,PASS,"{""CS101"":""A"",""CS102"":""B""}"
82221040827,01/01/2000,Student 827,PASS,"{""CS101"":""A"",""CS102"":""B""}"
82221040828,01/01/2000,Student 828,PASS,"{""CS101"":""U"",""CS102"":""B""}"
82221040829,01/01/2000,Student 829,PASS,"{""CS101"":""A"",""CS102"":""B""}"
82221040830,01/01/2000,Student 830,PASS,"{""CS101"":""A"",""CS102"":""B""}"
82221040831,01/01/2000,Student 831,PASS,"{""CS101"":""A"",""CS102"":""B""}"
82221040832,01/01/2000,Student 832,FAIL,"{""CS101"":""A"",""CS102"":""B""}"
82221040833,01/01/2000,Student 833,FAIL,"{""CS101"":""A"",""CS102"":""B""}"
82221040834,01/01/2000,Student 834,PASS,"{""CS101"":""A"",""CS102"":""B""}"
82221040835,01/01/2000,Student 835,PASS,"{""CS101"":""A"",""CS102"":""B""}"
82221040836,01/01/2000,Student 836,PASS,"{""CS101"":""A"",""CS102"":""B""}"
82221040837,01/01/2000,Student 837,PASS,"{""CS101"":""A"",""CS102"":""B""}"
82221040838,01/01/2000,Student 838,FAIL,"{""CS101"":""A"",""CS102"":""B""}"
82221040839,01/01/2000,Student 839,PASS,"{""CS101"":""A"",""CS102"":""B""}"
82221040840,01/01/2000,Student 840,PASS,"{""CS101"":""A"",""CS102"":""B""}"
82221040841,01/01/2000,Student 841,PASS,"{""CS101"":""A"",""CS102"":""U""}"
82221040842,01/01/2000,Student 842,PASS,"{""CS101"":""A"",""CS102"":""B""}"
82221040843,01/01/2000,Student 843,PASS,"{""CS101"":""A"",""CS102"":""B""}"
82221040844,01/01/2000,Student 844,PASS,"{""CS101"":""A"",""CS102"":""B""}"
82221040845,01/01/2000,Student 845,PASS,"{""CS101"":""A"",""CS102"":""B""}"
82221040846,01/01/2000,Student 846,PASS,"{""CS101"":""A"",""CS102"":""B""}"
82221040847,01/01/2000,Student 847,PASS,"{""CS101"":""U"",""CS102"":""B""}"
82221040848,01/01/2000,Student 848,PASS,"{""CS101"":""A"",""CS102"":""B""}"
82221040849,01/01/2000,Student 849,PASS,"{""CS101"":""A"",""CS102"":""B""}"
82221040850,01/01/2000,Student 850,FAIL,"{""CS101"":""A"",""CS102"":""B""}"
82221040851,01/01/2000,Student 851,PASS,"{""CS101"":""A"",""CS102"":""B""}"
82221040852,01/01/2000,Student 852,PASS,"{""CS101"":""A"",""CS102"":""B""}"
82221040853,01/01/2000,Student 853,PASS,"{""CS101"":""A"",""CS102"":""B""}"
82221040854,01/01/2000,Student 854,PASS,"{""CS101"":""A"",""CS102"":""U""}"
82221040855,01/01/2000,Student 855,PASS,"{""CS101"":""A"",""CS102"":""U""}"
82221040856,01/01/2000,Student 856,FAIL,"{""CS101"":""A"",""CS102"":""B""}"
82221040857,01/01/2000,Student 857,PASS,"{""CS101"":""A"",""CS102"":""B""}"
82221040858,01/01/2000,Student 858,PASS,"{""CS101"":""U"",""CS102"":""B""}"
82221040859,01/01/2000,Student 859,PASS,"{""CS101"":""A"",""CS102"":""B""}"
82221040860,01/01/2000,Student 860,PASS,"{""CS101"":""A"",""CS102"":""B""}"
82221040861,01/01/2000,Student 861,PASS,"{""CS101"":""U"",""CS102"":""B""}"
82221040862,01/01/2000,Student 862,PASS,"{""CS101"":""U"",""CS102"":""B""}"
82221040863,01/01/2000,Student 863,PASS,"{""CS101"":""A"",""CS102"":""B""}"
82221040864,01/01/2000,Student 864,PASS,"{""CS101"":""A"",""CS102"":""B""}"
82221040865,01/01/2000,Student 865,PASS,"{""CS101"":""A"",""CS102"":""U""}"
82221040866,01/01/2000,Student 866,PASS,"{""CS101"":""U"",""CS102"":""B""}"
82221040867,01/01/2000,Student 867,PASS,"{""CS101"":""A"",""CS102"":""B""}"
82221040868,01/01/2000,Student 868,PASS,"{""CS101"":""A"",""CS102"":""B""}"
82221040869,01/01/2000,Student 869,PASS,"{""CS101"":""A"",""CS102"":""U""}"
82221040870,01/01/2000,Student 870,PASS,"{""CS101"":""A"",""CS102"":""B""}"
82221040871,01/01/2000,Student 871,PASS,"{""CS101"":""A"",""CS102"":""B""}"
82221040872,01/01/2000,Student 872,PASS,"{""CS101"":""A"",""CS102"":""B""}"
82221040873,01/01/2000,Student 873,FAIL,"{""CS101"":""A"",""CS102"":""B""}"
82221040874,01/01/2000,Student 874,PASS,"{""CS101"":""U"",""CS102"":""B""}"
82221040875,01/01/2000,Student 875,PASS,"{""CS101"":""A"",""CS102"":""B""}"
82221040876,01/01/2000,Student 876,PASS,"{""CS101"":""A"",""CS102"":""B""}"
82221040877,01/01/2000,Student 877,PASS,"{""CS101"":""A"",""CS102"":""B""}"
82221040878,01/01/2000,Student 878,PASS,"{""CS101"":""A"",""CS102"":""B""}"
82221040879,01/01/2000,Student 879,PASS,"{""CS101"":""A"",""CS102"":""B""}"
82221040880,01/01/2000,Student 880,PASS,"{""CS101"":""A"",""CS102"":""B""}"
82221040881,01/01/2000,Student 881,PASS,"{""CS101"":""A"",""CS102"":""B""}"
82221040882,01/01/2000,Student 882,PASS,"{""CS101"":""A"",""CS102"":""B""}"
82221040883,01/01/2000,Student 883,PASS,"{""CS101"":""A"",""CS102"":""B""}"
82221040884,01/01/2000,Student 884,PASS,"{""CS101"":""A"",""CS102"":""B""}"
82221040885,01/01/2000,Student 885,PASS,"{""CS101"":""A"",""CS102"":""U""}"
82221040886,01/01/2000,Student 886,PASS,"{""CS101"":""A"",""CS102"":""B""}"
82221040887,01/01/2000,Student 887,FAIL,"{""CS101"":""A"",""CS102"":""B""}"
82221040888,01/01/2000,Student 888,PASS,"{""CS101"":""U"",""CS102"":""B""}"
82221040889,01/01/2000,Student 889,PASS,"{""CS101"":""A"",""CS102"":""B""}"
82221040890,01/01/2000,Student 890,PASS,"{""CS101"":""A"",""CS102"":""B""}"
82221040891,01/01/2000,Student 891,PASS,"{""CS101"":""A"",""CS102"":""B""}"
82221040892,01/01/2000,Student 892,PASS,"{""CS101"":""A"",""CS102"":""B""}"
82221040893,01/01/2000,Student 893,PASS,"{""CS101"":""A"",""CS102"":""B""}"
82221040894,01/01/2000,Student 894,PASS,"{""CS101"":""A"",""CS102"":""B""}"
82221040895,01/01/2000,Student 895,PASS,"{""CS101"":""U"",""CS102"":""U""}"
82221040896,01/01/2000,Student 896,PASS,"{""CS101"":""A"",""CS102"":""B""}"
82221040897,01/01/2000,Student 897,PASS,"{""CS101"":""A"",""CS102"":""B""}"
82221040898,01/01/2000,Student 898,PASS,"{""CS101"":""A"",""CS102"":""B""}"
82221040899,01/01/2000,Student 899,PASS,"{""CS101"":""A"",""CS102"":""B""}"
82221040900,01/01/2000,Student 900,PASS,"{""CS101"":""A"",""CS102"":""B""}"
82221040901,01/01/2000,Student 901,PASS,"{""CS101"":""A"",""CS102"":""U""}"
82221040902,01/01/2000,Student 902,PASS,"{""CS101"":""A"",""CS102"":""U""}"
82221040903,01/01/2000,Student 903,PASS,"{""CS101"":""A"",""CS102"":""B""}"
82221040904,01/01/2000,Student 904,FAIL,"{""CS101"":""A"",""CS102"":""B""}"
82221040905,01/01/2000,Student 905,PASS,"{""CS101"":""A"",""CS102"":""B""}"
82221040906,01/01/2000,Student 906,PASS,"{""CS101"":""A"",""CS102"":""B""}"
82221040907,01/01/2000,Student 907,PASS,"{""CS101"":""U"",""CS102"":""B""}"
82221040908,01/01/2000,Student 908,PASS,"{""CS101"":""A"",""CS102"":""B""}"
82221040909,01/01/2000,Student 909,PASS,"{""CS101"":""A"",""CS102"":""B""}"
82221040910,01/01/2000,Student 910,PASS,"{""CS101"":""A"",""CS102"":""B""}"
82221040911,01/01/2000,Student 911,PASS,"{""CS101"":""A"",""CS102"":""B""}"
82221040912,01/01/2000,Student 912,PASS,"{""CS101"":""A"",""CS102"":""B""}"
82221040913,01/01/2000,Student 913,PASS,"{""CS101"":""A"",""CS102"":""B""}"
82221040914,01/01/2000,Student 914,PASS,"{""CS101"":""A"",""CS102"":""B""}"
82221040915,01/01/2000,Student 915,PASS,"{""CS101"":""A"",""CS102"":""U""}"
82221040916,01/01/2000,Student 916,PASS,"{""CS101"":""U"",""CS102"":""B""}"
82221040917,01/01/2000,Student 917,PASS,"{""CS101"":""A"",""CS102"":""B""}"
82221040918,01/01/2000,Student 918,FAIL,"{""CS101"":""A"",""CS102"":""B""}"
82221040919,01/01/2000,Student 919,FAIL,"{""CS101"":""A"",""CS102"":""B""}"
82221040920,01/01/2000,Student 920,FAIL,"{""CS101"":""A"",""CS102"":""B""}"
82221040921,01/01/2000,Student 921,PASS,"{""CS101"":""U"",""CS102"":""U""}"
82221040922,01/01/2000,Student 922,PASS,"{""CS101"":""A"",""CS102"":""B""}"
82221040923,01/01/2000,Student 923,PASS,"{""CS101"":""A"",""CS102"":""B""}"
82221040924,01/01/2000,Student 924,PASS,"{""CS101"":""A"",""CS102"":""U""}"
82221040925,01/01/2000,Student 925,PASS,"{""CS101"":""A"",""CS102"":""B""}"
82221040926,01/01/2000,Student 926,PASS,"{""CS101"":""A"",""CS102"":""B""}"
82221040927,01/01/2000,Student 927,PASS,"{""CS101"":""A"",""CS102"":""U""}"
82221040928,01/01/2000,Student 928,PASS,"{""CS101"":""A"",""CS102"":""B""}"
82221040929,01/01/2000,Student 929,FAIL,"{""CS101"":""A"",""CS102"":""B""}"
82221040930,01/01/2000,Student 930,FAIL,"{""CS101"":""A"",""CS102"":""B""}"
82221040931,01/01/2000,Student 931,PASS,"{""CS101"":""A"",""CS102"":""B""}"
82221040932,01/01/2000,Student 932,PASS,"{""CS101"":""A"",""CS102"":""B""}"
82221040933,01/01/2000,Student 933,PASS,"{""CS101"":""U"",""CS102"":""B""}"
82221040934,01/01/2000,Student 934,FAIL,"{""CS101"":""A"",""CS102"":""B""}"
82221040935,01/01/2000,Student 935,PASS,"{""CS101"":""A"",""CS102"":""U""}"
82221040936,01/01/2000,Student 936,PASS,"{""CS101"":""A"",""CS102"":""B""}"
82221040937,01/01/2000,Student 937,PASS,"{""CS101"":""A"",""CS102"":""B""}"
82221040938,01/01/2000,Student 938,PASS,"{""CS101"":""A"",""CS102"":""B""}"
82221040939,01/01/2000,Student 939,PASS,"{""CS101"":""A"",""CS102"":""B""}"
82221040940,01/01/2000,Student 940,PASS,"{""CS101"":""A"",""CS102"":""U""}"
82221040941,01/01/2000,Student 941,FAIL,"{""CS101"":""A"",""CS102"":""B""}"
82221040942,01/01/2000,Student 942,PASS,"{""CS101"":""A"",""CS102"":""B""}"
82221040943,01/01/2000,Student 943,PASS,"{""CS101"":""A"",""CS102"":""B""}"
82221040944,01/01/2000,Student 944,PASS,"{""CS101"":""A"",""CS102"":""B""}"
82221040945,01/01/2000,Student 945,FAIL,"{""CS101"":""A"",""CS102"":""B""}"
82221040946,01/01/2000,Student 946,PASS,"{""CS101"":""A"",""CS102"":""B""}"
82221040947,01/01/2000,Student 947,PASS,"{""CS101"":""A"",""CS102"":""B""}"
82221040948,01/01/2000,Student 948,FAIL,"{""CS101"":""A"",""CS102"":""B""}"
82221040949,01/01/2000,Student 949,PASS,"{""CS101"":""A"",""CS102"":""B""}"
82221040950,01/01/2000,Student 950,PASS,"{""CS101"":""A"",""CS102"":""B""}"
82221040951,01/01/2000,Student 951,PASS,"{""CS101"":""A"",""CS102"":""B""}"
82221040952,01/01/2000,Student 952,PASS,"{""CS101"":""A"",""CS102"":""B""}"
82221040953,01/01/2000,Student 953,PASS,"{""CS101"":""A"",""CS102"":""B""}"
82221040954,01/01/2000,Student 954,PASS,"{""CS101"":""A"",""CS102"":""B""}"
82221040955,01/01/2000,Student 955,FAIL,"{""CS101"":""A"",""CS102"":""B""}"
82221040956,01/01/2000,Student 956,PASS,"{""CS101"":""A"",""CS102"":""B""}"
82221040957,01/01/2000,Student 957,PASS,"{""CS101"":""A"",""CS102"":""B""}"
82221040958,01/01/2000,Student 958,PASS,"{""CS101"":""A"",""CS102"":""B""}"
82221040959,01/01/2000,Student 959,PASS,"{""CS101"":""A"",""CS102"":""B""}"
82221040960,01/01/2000,Student 960,PASS,"{""CS101"":""A"",""CS102"":""B""}"
82221040961,01/01/2000,Student 961,PASS,"{""CS101"":""A"",""CS102"":""B""}"
82221040962,01/01/2000,Student 962,PASS,"{""CS101"":""U"",""CS102"":""U""}"
82221040963,01/01/2000,Student 963,PASS,"{""CS101"":""A"",""CS102"":""B""}"
82221040964,01/01/2000,Student 964,PASS,"{""CS101"":""A"",""CS102"":""B""}"
82221040965,01/01/2000,Student 965,PASS,"{""CS101"":""A"",""CS102"":""B""}"
82221040966,01/01/2000,Student 966,PASS,"{""CS101"":""A"",""CS102"":""B""}"
82221040967,01/01/2000,Student 967,PASS,"{""CS101"":""A"",""CS102"":""B""}"
82221040968,01/01/2000,Student 968,PASS,"{""CS101"":""A"",""CS102"":""B""}"
82221040969,01/01/2000,Student 969,PASS,"{""CS101"":""A"",""CS102"":""B""}"
82221040970,01/01/2000,Student 970,FAIL,"{""CS101"":""A"",""CS102"":""U""}"
82221040971,01/01/2000,Student 971,PASS,"{""CS101"":""A"",""CS102"":""B""}"
82221040972,01/01/2000,Student 972,PASS,"{""CS101"":""A"",""CS102"":""B""}"
82221040973,01/01/2000,Student 973,PASS,"{""CS101"":""A"",""CS102"":""B""}"
82221040974,01/01/2000,Student 974,PASS,"{""CS101"":""U"",""CS102"":""U""}"
82221040975,01/01/2000,Student 975,FAIL,"{""CS101"":""A"",""CS102"":""B""}"
82221040976,01/01/2000,Student 976,PASS,"{""CS101"":""A"",""CS102"":""B""}"
82221040977,01/01/2000,Student 977,PASS,"{""CS101"":""A"",""CS102"":""B""}"
82221040978,01/01/2000,Student 978,PASS,"{""CS101"":""A"",""CS102"":""B""}"
82221040979,01/01/2000,Student 979,PASS,"{""CS101"":""A"",""CS102"":""U""}"
82221040980,01/01/2000,Student 980,PASS,"{""CS101"":""A"",""CS102"":""B""}"
82221040981,01/01/2000,Student 981,PASS,"{""CS101"":""A"",""CS102"":""B""}"
82221040982,01/01/2000,Student 982,PASS,"{""CS101"":""A"",""CS102"":""B""}"
82221040983,01/01/2000,Student 983,PASS,"{""CS101"":""A"",""CS102"":""B""}"
82221040984,01/01/2000,Student 984,PASS,"{""CS101"":""A"",""CS102"":""B""}"
82221040985,01/01/2000,Student 985,PASS,"{""CS101"":""A"",""CS102"":""B""}"
82221040986,01/01/2000,Student 986,PASS,"{""CS101"":""A"",""CS102"":""B""}"
82221040987,01/01/2000,Student 987,PASS,"{""CS101"":""A"",""CS102"":""B""}"
82221040988,01/01/2000,Student 988,PASS,"{""CS101"":""A"",""CS102"":""B""}"
82221040989,01/01/2000,Student 989,PASS,"{""CS101"":""A"",""CS102"":""U""}"
82221040990,01/01/2000,Student 990,PASS,"{""CS101"":""A"",""CS102"":""B""}"
82221040991,01/01/2000,Student 991,PASS,"{""CS101"":""A"",""CS102"":""B""}"
82221040992,01/01/2000,Student 992,PASS,"{""CS101"":""A"",""CS102"":""B""}"
82221040993,01/01/2000,Student 993,PASS,"{""CS101"":""A"",""CS102"":""B""}"
82221040994,01/01/2000,Student 994,PASS,"{""CS101"":""A"",""CS102"":""B""}"
82221040995,01/01/2000,Student 995,PASS,"{""CS101"":""A"",""CS102"":""B""}"
82221040996,01/01/2000,Student 996,PASS,"{""CS101"":""U"",""CS102"":""B""}"
82221040997,01/01/2000,Student 997,PASS,"{""CS101"":""A"",""CS102"":""B""}"
82221040998,01/01/2000,Student 998,PASS,"{""CS101"":""A"",""CS102"":""B""}"
82221040999,01/01/2000,Student 999,FAIL,"{""CS101"":""A"",""CS102"":""B""}"
82221041000,01/01/2000,Student 1000,PASS,"{""CS101"":""A"",""CS102"":""U""}"
